zip,week,deaths_weekly,wave,population,alpha_vaxleveldec,alpha_recoveredleveldec,dec65plus
60601,0,1,0,15083,3.8200000000000003,0.6663130676921036,1.3982629450374595
60601,1,0,0,15083,3.8200000000000003,0.6663130676921036,1.3982629450374595
60601,2,0,0,15083,3.8200000000000003,0.6663130676921036,1.3982629450374595
60601,3,1,0,15083,3.8200000000000003,0.6663130676921036,1.3982629450374595
60601,4,0,0,15083,3.8200000000000003,0.6663130676921036,1.3982629450374595
60601,5,0,0,15083,3.8200000000000003,0.6663130676921036,1.3982629450374595
60601,6,0,0,15083,3.8200000000000003,0.6663130676921036,1.3982629450374595
60601,7,0,0,15083,3.8200000000000003,0.6663130676921036,1.3982629450374595
60601,8,0,0,15083,3.8200000000000003,0.6663130676921036,1.3982629450374595
60601,9,0,0,15083,3.8200000000000003,0.6663130676921036,1.3982629450374595
60601,10,0,0,15083,3.8200000000000003,0.6663130676921036,1.3982629450374595
60601,11,0,0,15083,3.8200000000000003,0.6663130676921036,1.3982629450374595
60601,12,0,0,15083,3.8200000000000003,0.6663130676921036,1.3982629450374595
60601,13,0,0,15083,3.8200000000000003,0.6663130676921036,1.3982629450374595
60601,14,0,0,15083,3.8200000000000003,0.6663130676921036,1.3982629450374595
60601,15,0,0,15083,3.8200000000000003,0.6663130676921036,1.3982629450374595
60601,16,0,1,15083,3.8200000000000003,0.6663130676921036,1.3982629450374595
60601,17,0,1,15083,3.8200000000000003,0.6663130676921036,1.3982629450374595
60601,18,0,1,15083,3.8200000000000003,0.6663130676921036,1.3982629450374595
60601,19,0,1,15083,3.8200000000000003,0.6663130676921036,1.3982629450374595
60601,20,0,1,15083,3.8200000000000003,0.6663130676921036,1.3982629450374595
60601,21,1,1,15083,3.8200000000000003,0.6663130676921036,1.3982629450374595
60601,22,0,1,15083,3.8200000000000003,0.6663130676921036,1.3982629450374595
60601,23,0,1,15083,3.8200000000000003,0.6663130676921036,1.3982629450374595
60601,24,0,1,15083,3.8200000000000003,0.6663130676921036,1.3982629450374595
60601,25,0,1,15083,3.8200000000000003,0.6663130676921036,1.3982629450374595
60601,26,0,1,15083,3.8200000000000003,0.6663130676921036,1.3982629450374595
60605,0,0,0,29060,4.29,0.6283551273227804,1.0058499655884376
60605,1,1,0,29060,4.29,0.6283551273227804,1.0058499655884376
60605,2,1,0,29060,4.29,0.6283551273227804,1.0058499655884376
60605,3,0,0,29060,4.29,0.6283551273227804,1.0058499655884376
60605,4,1,0,29060,4.29,0.6283551273227804,1.0058499655884376
60605,5,0,0,29060,4.29,0.6283551273227804,1.0058499655884376
60605,6,0,0,29060,4.29,0.6283551273227804,1.0058499655884376
60605,7,0,0,29060,4.29,0.6283551273227804,1.0058499655884376
60605,8,0,0,29060,4.29,0.6283551273227804,1.0058499655884376
60605,9,0,0,29060,4.29,0.6283551273227804,1.0058499655884376
60605,10,1,0,29060,4.29,0.6283551273227804,1.0058499655884376
60605,11,0,0,29060,4.29,0.6283551273227804,1.0058499655884376
60605,12,0,0,29060,4.29,0.6283551273227804,1.0058499655884376
60605,13,0,0,29060,4.29,0.6283551273227804,1.0058499655884376
60605,14,0,0,29060,4.29,0.6283551273227804,1.0058499655884376
60605,15,0,0,29060,4.29,0.6283551273227804,1.0058499655884376
60605,16,0,1,29060,4.29,0.6283551273227804,1.0058499655884376
60605,17,0,1,29060,4.29,0.6283551273227804,1.0058499655884376
60605,18,0,1,29060,4.29,0.6283551273227804,1.0058499655884376
60605,19,0,1,29060,4.29,0.6283551273227804,1.0058499655884376
60605,20,0,1,29060,4.29,0.6283551273227804,1.0058499655884376
60605,21,0,1,29060,4.29,0.6283551273227804,1.0058499655884376
60605,22,0,1,29060,4.29,0.6283551273227804,1.0058499655884376
60605,23,0,1,29060,4.29,0.6283551273227804,1.0058499655884376
60605,24,1,1,29060,4.29,0.6283551273227804,1.0058499655884376
60605,25,0,1,29060,4.29,0.6283551273227804,1.0058499655884376
60605,26,0,1,29060,4.29,0.6283551273227804,1.0058499655884376
60607,0,0,0,29293,4.2299999999999995,0.8394496978800396,0.5270883828901103
60607,1,0,0,29293,4.2299999999999995,0.8394496978800396,0.5270883828901103
60607,2,0,0,29293,4.2299999999999995,0.8394496978800396,0.5270883828901103
60607,3,0,0,29293,4.2299999999999995,0.8394496978800396,0.5270883828901103
60607,4,1,0,29293,4.2299999999999995,0.8394496978800396,0.5270883828901103
60607,5,2,0,29293,4.2299999999999995,0.8394496978800396,0.5270883828901103
60607,6,0,0,29293,4.2299999999999995,0.8394496978800396,0.5270883828901103
60607,7,0,0,29293,4.2299999999999995,0.8394496978800396,0.5270883828901103
60607,8,0,0,29293,4.2299999999999995,0.8394496978800396,0.5270883828901103
60607,9,0,0,29293,4.2299999999999995,0.8394496978800396,0.5270883828901103
60607,10,0,0,29293,4.2299999999999995,0.8394496978800396,0.5270883828901103
60607,11,0,0,29293,4.2299999999999995,0.8394496978800396,0.5270883828901103
60607,12,0,0,29293,4.2299999999999995,0.8394496978800396,0.5270883828901103
60607,13,0,0,29293,4.2299999999999995,0.8394496978800396,0.5270883828901103
60607,14,0,0,29293,4.2299999999999995,0.8394496978800396,0.5270883828901103
60607,15,0,0,29293,4.2299999999999995,0.8394496978800396,0.5270883828901103
60607,16,0,1,29293,4.2299999999999995,0.8394496978800396,0.5270883828901103
60607,17,0,1,29293,4.2299999999999995,0.8394496978800396,0.5270883828901103
60607,18,0,1,29293,4.2299999999999995,0.8394496978800396,0.5270883828901103
60607,19,0,1,29293,4.2299999999999995,0.8394496978800396,0.5270883828901103
60607,20,0,1,29293,4.2299999999999995,0.8394496978800396,0.5270883828901103
60607,21,1,1,29293,4.2299999999999995,0.8394496978800396,0.5270883828901103
60607,22,0,1,29293,4.2299999999999995,0.8394496978800396,0.5270883828901103
60607,23,0,1,29293,4.2299999999999995,0.8394496978800396,0.5270883828901103
60607,24,0,1,29293,4.2299999999999995,0.8394496978800396,0.5270883828901103
60607,25,0,1,29293,4.2299999999999995,0.8394496978800396,0.5270883828901103
60607,26,0,1,29293,4.2299999999999995,0.8394496978800396,0.5270883828901103
60608,0,5,0,80059,3.6799999999999997,0.9401816160581571,0.9916436627986859
60608,1,2,0,80059,3.6799999999999997,0.9401816160581571,0.9916436627986859
60608,2,6,0,80059,3.6799999999999997,0.9401816160581571,0.9916436627986859
60608,3,3,0,80059,3.6799999999999997,0.9401816160581571,0.9916436627986859
60608,4,2,0,80059,3.6799999999999997,0.9401816160581571,0.9916436627986859
60608,5,0,0,80059,3.6799999999999997,0.9401816160581571,0.9916436627986859
60608,6,2,0,80059,3.6799999999999997,0.9401816160581571,0.9916436627986859
60608,7,1,0,80059,3.6799999999999997,0.9401816160581571,0.9916436627986859
60608,8,2,0,80059,3.6799999999999997,0.9401816160581571,0.9916436627986859
60608,9,4,0,80059,3.6799999999999997,0.9401816160581571,0.9916436627986859
60608,10,2,0,80059,3.6799999999999997,0.9401816160581571,0.9916436627986859
60608,11,1,0,80059,3.6799999999999997,0.9401816160581571,0.9916436627986859
60608,12,0,0,80059,3.6799999999999997,0.9401816160581571,0.9916436627986859
60608,13,0,0,80059,3.6799999999999997,0.9401816160581571,0.9916436627986859
60608,14,0,0,80059,3.6799999999999997,0.9401816160581571,0.9916436627986859
60608,15,0,0,80059,3.6799999999999997,0.9401816160581571,0.9916436627986859
60608,16,0,1,80059,3.6799999999999997,0.9401816160581571,0.9916436627986859
60608,17,0,1,80059,3.6799999999999997,0.9401816160581571,0.9916436627986859
60608,18,0,1,80059,3.6799999999999997,0.9401816160581571,0.9916436627986859
60608,19,1,1,80059,3.6799999999999997,0.9401816160581571,0.9916436627986859
60608,20,0,1,80059,3.6799999999999997,0.9401816160581571,0.9916436627986859
60608,21,1,1,80059,3.6799999999999997,0.9401816160581571,0.9916436627986859
60608,22,1,1,80059,3.6799999999999997,0.9401816160581571,0.9916436627986859
60608,23,0,1,80059,3.6799999999999997,0.9401816160581571,0.9916436627986859
60608,24,0,1,80059,3.6799999999999997,0.9401816160581571,0.9916436627986859
60608,25,2,1,80059,3.6799999999999997,0.9401816160581571,0.9916436627986859
60608,26,0,1,80059,3.6799999999999997,0.9401816160581571,0.9916436627986859
60609,0,6,0,60939,2.8899999999999997,1.101593396675364,1.209898423013177
60609,1,2,0,60939,2.8899999999999997,1.101593396675364,1.209898423013177
60609,2,1,0,60939,2.8899999999999997,1.101593396675364,1.209898423013177
60609,3,2,0,60939,2.8899999999999997,1.101593396675364,1.209898423013177
60609,4,4,0,60939,2.8899999999999997,1.101593396675364,1.209898423013177
60609,5,2,0,60939,2.8899999999999997,1.101593396675364,1.209898423013177
60609,6,3,0,60939,2.8899999999999997,1.101593396675364,1.209898423013177
60609,7,4,0,60939,2.8899999999999997,1.101593396675364,1.209898423013177
60609,8,1,0,60939,2.8899999999999997,1.101593396675364,1.209898423013177
60609,9,0,0,60939,2.8899999999999997,1.101593396675364,1.209898423013177
60609,10,1,0,60939,2.8899999999999997,1.101593396675364,1.209898423013177
60609,11,0,0,60939,2.8899999999999997,1.101593396675364,1.209898423013177
60609,12,4,0,60939,2.8899999999999997,1.101593396675364,1.209898423013177
60609,13,1,0,60939,2.8899999999999997,1.101593396675364,1.209898423013177
60609,14,1,0,60939,2.8899999999999997,1.101593396675364,1.209898423013177
60609,15,1,0,60939,2.8899999999999997,1.101593396675364,1.209898423013177
60609,16,0,1,60939,2.8899999999999997,1.101593396675364,1.209898423013177
60609,17,2,1,60939,2.8899999999999997,1.101593396675364,1.209898423013177
60609,18,1,1,60939,2.8899999999999997,1.101593396675364,1.209898423013177
60609,19,1,1,60939,2.8899999999999997,1.101593396675364,1.209898423013177
60609,20,3,1,60939,2.8899999999999997,1.101593396675364,1.209898423013177
60609,21,3,1,60939,2.8899999999999997,1.101593396675364,1.209898423013177
60609,22,1,1,60939,2.8899999999999997,1.101593396675364,1.209898423013177
60609,23,2,1,60939,2.8899999999999997,1.101593396675364,1.209898423013177
60609,24,2,1,60939,2.8899999999999997,1.101593396675364,1.209898423013177
60609,25,1,1,60939,2.8899999999999997,1.101593396675364,1.209898423013177
60609,26,0,1,60939,2.8899999999999997,1.101593396675364,1.209898423013177
60610,0,1,0,40548,3.96,0.8027522935779817,1.6121633619414029
60610,1,0,0,40548,3.96,0.8027522935779817,1.6121633619414029
60610,2,1,0,40548,3.96,0.8027522935779817,1.6121633619414029
60610,3,1,0,40548,3.96,0.8027522935779817,1.6121633619414029
60610,4,0,0,40548,3.96,0.8027522935779817,1.6121633619414029
60610,5,1,0,40548,3.96,0.8027522935779817,1.6121633619414029
60610,6,1,0,40548,3.96,0.8027522935779817,1.6121633619414029
60610,7,2,0,40548,3.96,0.8027522935779817,1.6121633619414029
60610,8,1,0,40548,3.96,0.8027522935779817,1.6121633619414029
60610,9,0,0,40548,3.96,0.8027522935779817,1.6121633619414029
60610,10,0,0,40548,3.96,0.8027522935779817,1.6121633619414029
60610,11,0,0,40548,3.96,0.8027522935779817,1.6121633619414029
60610,12,1,0,40548,3.96,0.8027522935779817,1.6121633619414029
60610,13,0,0,40548,3.96,0.8027522935779817,1.6121633619414029
60610,14,0,0,40548,3.96,0.8027522935779817,1.6121633619414029
60610,15,0,0,40548,3.96,0.8027522935779817,1.6121633619414029
60610,16,0,1,40548,3.96,0.8027522935779817,1.6121633619414029
60610,17,0,1,40548,3.96,0.8027522935779817,1.6121633619414029
60610,18,0,1,40548,3.96,0.8027522935779817,1.6121633619414029
60610,19,1,1,40548,3.96,0.8027522935779817,1.6121633619414029
60610,20,0,1,40548,3.96,0.8027522935779817,1.6121633619414029
60610,21,0,1,40548,3.96,0.8027522935779817,1.6121633619414029
60610,22,0,1,40548,3.96,0.8027522935779817,1.6121633619414029
60610,23,0,1,40548,3.96,0.8027522935779817,1.6121633619414029
60610,24,0,1,40548,3.96,0.8027522935779817,1.6121633619414029
60610,25,0,1,40548,3.96,0.8027522935779817,1.6121633619414029
60610,26,0,1,40548,3.96,0.8027522935779817,1.6121633619414029
60611,0,2,0,33224,4.86,0.6395978810498435,2.149650854803756
60611,1,1,0,33224,4.86,0.6395978810498435,2.149650854803756
60611,2,1,0,33224,4.86,0.6395978810498435,2.149650854803756
60611,3,0,0,33224,4.86,0.6395978810498435,2.149650854803756
60611,4,0,0,33224,4.86,0.6395978810498435,2.149650854803756
60611,5,1,0,33224,4.86,0.6395978810498435,2.149650854803756
60611,6,0,0,33224,4.86,0.6395978810498435,2.149650854803756
60611,7,1,0,33224,4.86,0.6395978810498435,2.149650854803756
60611,8,0,0,33224,4.86,0.6395978810498435,2.149650854803756
60611,9,1,0,33224,4.86,0.6395978810498435,2.149650854803756
60611,10,0,0,33224,4.86,0.6395978810498435,2.149650854803756
60611,11,0,0,33224,4.86,0.6395978810498435,2.149650854803756
60611,12,0,0,33224,4.86,0.6395978810498435,2.149650854803756
60611,13,1,0,33224,4.86,0.6395978810498435,2.149650854803756
60611,14,0,0,33224,4.86,0.6395978810498435,2.149650854803756
60611,15,0,0,33224,4.86,0.6395978810498435,2.149650854803756
60611,16,0,1,33224,4.86,0.6395978810498435,2.149650854803756
60611,17,0,1,33224,4.86,0.6395978810498435,2.149650854803756
60611,18,0,1,33224,4.86,0.6395978810498435,2.149650854803756
60611,19,0,1,33224,4.86,0.6395978810498435,2.149650854803756
60611,20,1,1,33224,4.86,0.6395978810498435,2.149650854803756
60611,21,0,1,33224,4.86,0.6395978810498435,2.149650854803756
60611,22,0,1,33224,4.86,0.6395978810498435,2.149650854803756
60611,23,0,1,33224,4.86,0.6395978810498435,2.149650854803756
60611,24,1,1,33224,4.86,0.6395978810498435,2.149650854803756
60611,25,0,1,33224,4.86,0.6395978810498435,2.149650854803756
60611,26,0,1,33224,4.86,0.6395978810498435,2.149650854803756
60612,0,2,0,33735,2.86,0.9224840669927376,0.9856232399585001
60612,1,1,0,33735,2.86,0.9224840669927376,0.9856232399585001
60612,2,3,0,33735,2.86,0.9224840669927376,0.9856232399585001
60612,3,0,0,33735,2.86,0.9224840669927376,0.9856232399585001
60612,4,1,0,33735,2.86,0.9224840669927376,0.9856232399585001
60612,5,3,0,33735,2.86,0.9224840669927376,0.9856232399585001
60612,6,0,0,33735,2.86,0.9224840669927376,0.9856232399585001
60612,7,0,0,33735,2.86,0.9224840669927376,0.9856232399585001
60612,8,2,0,33735,2.86,0.9224840669927376,0.9856232399585001
60612,9,1,0,33735,2.86,0.9224840669927376,0.9856232399585001
60612,10,1,0,33735,2.86,0.9224840669927376,0.9856232399585001
60612,11,1,0,33735,2.86,0.9224840669927376,0.9856232399585001
60612,12,0,0,33735,2.86,0.9224840669927376,0.9856232399585001
60612,13,1,0,33735,2.86,0.9224840669927376,0.9856232399585001
60612,14,0,0,33735,2.86,0.9224840669927376,0.9856232399585001
60612,15,0,0,33735,2.86,0.9224840669927376,0.9856232399585001
60612,16,0,1,33735,2.86,0.9224840669927376,0.9856232399585001
60612,17,2,1,33735,2.86,0.9224840669927376,0.9856232399585001
60612,18,1,1,33735,2.86,0.9224840669927376,0.9856232399585001
60612,19,0,1,33735,2.86,0.9224840669927376,0.9856232399585001
60612,20,2,1,33735,2.86,0.9224840669927376,0.9856232399585001
60612,21,0,1,33735,2.86,0.9224840669927376,0.9856232399585001
60612,22,0,1,33735,2.86,0.9224840669927376,0.9856232399585001
60612,23,0,1,33735,2.86,0.9224840669927376,0.9856232399585001
60612,24,0,1,33735,2.86,0.9224840669927376,0.9856232399585001
60612,25,0,1,33735,2.86,0.9224840669927376,0.9856232399585001
60612,26,1,1,33735,2.86,0.9224840669927376,0.9856232399585001
60613,0,1,0,50761,4.34,0.7036898406256773,0.9660960185969543
60613,1,1,0,50761,4.34,0.7036898406256773,0.9660960185969543
60613,2,1,0,50761,4.34,0.7036898406256773,0.9660960185969543
60613,3,0,0,50761,4.34,0.7036898406256773,0.9660960185969543
60613,4,0,0,50761,4.34,0.7036898406256773,0.9660960185969543
60613,5,0,0,50761,4.34,0.7036898406256773,0.9660960185969543
60613,6,1,0,50761,4.34,0.7036898406256773,0.9660960185969543
60613,7,0,0,50761,4.34,0.7036898406256773,0.9660960185969543
60613,8,1,0,50761,4.34,0.7036898406256773,0.9660960185969543
60613,9,0,0,50761,4.34,0.7036898406256773,0.9660960185969543
60613,10,0,0,50761,4.34,0.7036898406256773,0.9660960185969543
60613,11,0,0,50761,4.34,0.7036898406256773,0.9660960185969543
60613,12,2,0,50761,4.34,0.7036898406256773,0.9660960185969543
60613,13,0,0,50761,4.34,0.7036898406256773,0.9660960185969543
60613,14,1,0,50761,4.34,0.7036898406256773,0.9660960185969543
60613,15,1,0,50761,4.34,0.7036898406256773,0.9660960185969543
60613,16,1,1,50761,4.34,0.7036898406256773,0.9660960185969543
60613,17,0,1,50761,4.34,0.7036898406256773,0.9660960185969543
60613,18,1,1,50761,4.34,0.7036898406256773,0.9660960185969543
60613,19,1,1,50761,4.34,0.7036898406256773,0.9660960185969543
60613,20,0,1,50761,4.34,0.7036898406256773,0.9660960185969543
60613,21,0,1,50761,4.34,0.7036898406256773,0.9660960185969543
60613,22,0,1,50761,4.34,0.7036898406256773,0.9660960185969543
60613,23,1,1,50761,4.34,0.7036898406256773,0.9660960185969543
60613,24,1,1,50761,4.34,0.7036898406256773,0.9660960185969543
60613,25,0,1,50761,4.34,0.7036898406256773,0.9660960185969543
60613,26,0,1,50761,4.34,0.7036898406256773,0.9660960185969543
60614,0,0,0,71954,3.9,0.7528420935597744,0.9351808099619201
60614,1,1,0,71954,3.9,0.7528420935597744,0.9351808099619201
60614,2,2,0,71954,3.9,0.7528420935597744,0.9351808099619201
60614,3,0,0,71954,3.9,0.7528420935597744,0.9351808099619201
60614,4,2,0,71954,3.9,0.7528420935597744,0.9351808099619201
60614,5,1,0,71954,3.9,0.7528420935597744,0.9351808099619201
60614,6,0,0,71954,3.9,0.7528420935597744,0.9351808099619201
60614,7,0,0,71954,3.9,0.7528420935597744,0.9351808099619201
60614,8,1,0,71954,3.9,0.7528420935597744,0.9351808099619201
60614,9,0,0,71954,3.9,0.7528420935597744,0.9351808099619201
60614,10,2,0,71954,3.9,0.7528420935597744,0.9351808099619201
60614,11,1,0,71954,3.9,0.7528420935597744,0.9351808099619201
60614,12,0,0,71954,3.9,0.7528420935597744,0.9351808099619201
60614,13,0,0,71954,3.9,0.7528420935597744,0.9351808099619201
60614,14,0,0,71954,3.9,0.7528420935597744,0.9351808099619201
60614,15,0,0,71954,3.9,0.7528420935597744,0.9351808099619201
60614,16,1,1,71954,3.9,0.7528420935597744,0.9351808099619201
60614,17,0,1,71954,3.9,0.7528420935597744,0.9351808099619201
60614,18,0,1,71954,3.9,0.7528420935597744,0.9351808099619201
60614,19,0,1,71954,3.9,0.7528420935597744,0.9351808099619201
60614,20,0,1,71954,3.9,0.7528420935597744,0.9351808099619201
60614,21,0,1,71954,3.9,0.7528420935597744,0.9351808099619201
60614,22,0,1,71954,3.9,0.7528420935597744,0.9351808099619201
60614,23,1,1,71954,3.9,0.7528420935597744,0.9351808099619201
60614,24,0,1,71954,3.9,0.7528420935597744,0.9351808099619201
60614,25,1,1,71954,3.9,0.7528420935597744,0.9351808099619201
60614,26,0,1,71954,3.9,0.7528420935597744,0.9351808099619201
60615,0,1,0,40590,3.44,0.5060359694506036,1.5794530672579454
60615,1,1,0,40590,3.44,0.5060359694506036,1.5794530672579454
60615,2,1,0,40590,3.44,0.5060359694506036,1.5794530672579454
60615,3,5,0,40590,3.44,0.5060359694506036,1.5794530672579454
60615,4,0,0,40590,3.44,0.5060359694506036,1.5794530672579454
60615,5,0,0,40590,3.44,0.5060359694506036,1.5794530672579454
60615,6,1,0,40590,3.44,0.5060359694506036,1.5794530672579454
60615,7,1,0,40590,3.44,0.5060359694506036,1.5794530672579454
60615,8,1,0,40590,3.44,0.5060359694506036,1.5794530672579454
60615,9,1,0,40590,3.44,0.5060359694506036,1.5794530672579454
60615,10,1,0,40590,3.44,0.5060359694506036,1.5794530672579454
60615,11,0,0,40590,3.44,0.5060359694506036,1.5794530672579454
60615,12,0,0,40590,3.44,0.5060359694506036,1.5794530672579454
60615,13,0,0,40590,3.44,0.5060359694506036,1.5794530672579454
60615,14,1,0,40590,3.44,0.5060359694506036,1.5794530672579454
60615,15,0,0,40590,3.44,0.5060359694506036,1.5794530672579454
60615,16,0,1,40590,3.44,0.5060359694506036,1.5794530672579454
60615,17,0,1,40590,3.44,0.5060359694506036,1.5794530672579454
60615,18,0,1,40590,3.44,0.5060359694506036,1.5794530672579454
60615,19,0,1,40590,3.44,0.5060359694506036,1.5794530672579454
60615,20,3,1,40590,3.44,0.5060359694506036,1.5794530672579454
60615,21,0,1,40590,3.44,0.5060359694506036,1.5794530672579454
60615,22,1,1,40590,3.44,0.5060359694506036,1.5794530672579454
60615,23,0,1,40590,3.44,0.5060359694506036,1.5794530672579454
60615,24,0,1,40590,3.44,0.5060359694506036,1.5794530672579454
60615,25,0,1,40590,3.44,0.5060359694506036,1.5794530672579454
60615,26,0,1,40590,3.44,0.5060359694506036,1.5794530672579454
60616,0,2,0,54197,3.3300000000000005,0.6319537981807111,1.5934461317047068
60616,1,7,0,54197,3.3300000000000005,0.6319537981807111,1.5934461317047068
60616,2,7,0,54197,3.3300000000000005,0.6319537981807111,1.5934461317047068
60616,3,7,0,54197,3.3300000000000005,0.6319537981807111,1.5934461317047068
60616,4,4,0,54197,3.3300000000000005,0.6319537981807111,1.5934461317047068
60616,5,2,0,54197,3.3300000000000005,0.6319537981807111,1.5934461317047068
60616,6,2,0,54197,3.3300000000000005,0.6319537981807111,1.5934461317047068
60616,7,1,0,54197,3.3300000000000005,0.6319537981807111,1.5934461317047068
60616,8,0,0,54197,3.3300000000000005,0.6319537981807111,1.5934461317047068
60616,9,1,0,54197,3.3300000000000005,0.6319537981807111,1.5934461317047068
60616,10,0,0,54197,3.3300000000000005,0.6319537981807111,1.5934461317047068
60616,11,1,0,54197,3.3300000000000005,0.6319537981807111,1.5934461317047068
60616,12,0,0,54197,3.3300000000000005,0.6319537981807111,1.5934461317047068
60616,13,0,0,54197,3.3300000000000005,0.6319537981807111,1.5934461317047068
60616,14,2,0,54197,3.3300000000000005,0.6319537981807111,1.5934461317047068
60616,15,0,0,54197,3.3300000000000005,0.6319537981807111,1.5934461317047068
60616,16,0,1,54197,3.3300000000000005,0.6319537981807111,1.5934461317047068
60616,17,0,1,54197,3.3300000000000005,0.6319537981807111,1.5934461317047068
60616,18,1,1,54197,3.3300000000000005,0.6319537981807111,1.5934461317047068
60616,19,1,1,54197,3.3300000000000005,0.6319537981807111,1.5934461317047068
60616,20,2,1,54197,3.3300000000000005,0.6319537981807111,1.5934461317047068
60616,21,0,1,54197,3.3300000000000005,0.6319537981807111,1.5934461317047068
60616,22,1,1,54197,3.3300000000000005,0.6319537981807111,1.5934461317047068
60616,23,3,1,54197,3.3300000000000005,0.6319537981807111,1.5934461317047068
60616,24,1,1,54197,3.3300000000000005,0.6319537981807111,1.5934461317047068
60616,25,0,1,54197,3.3300000000000005,0.6319537981807111,1.5934461317047068
60616,26,0,1,54197,3.3300000000000005,0.6319537981807111,1.5934461317047068
60617,0,5,0,83553,2.31,0.8630450133448231,1.505391787248812
60617,1,6,0,83553,2.31,0.8630450133448231,1.505391787248812
60617,2,2,0,83553,2.31,0.8630450133448231,1.505391787248812
60617,3,2,0,83553,2.31,0.8630450133448231,1.505391787248812
60617,4,2,0,83553,2.31,0.8630450133448231,1.505391787248812
60617,5,2,0,83553,2.31,0.8630450133448231,1.505391787248812
60617,6,2,0,83553,2.31,0.8630450133448231,1.505391787248812
60617,7,3,0,83553,2.31,0.8630450133448231,1.505391787248812
60617,8,5,0,83553,2.31,0.8630450133448231,1.505391787248812
60617,9,2,0,83553,2.31,0.8630450133448231,1.505391787248812
60617,10,3,0,83553,2.31,0.8630450133448231,1.505391787248812
60617,11,3,0,83553,2.31,0.8630450133448231,1.505391787248812
60617,12,1,0,83553,2.31,0.8630450133448231,1.505391787248812
60617,13,1,0,83553,2.31,0.8630450133448231,1.505391787248812
60617,14,1,0,83553,2.31,0.8630450133448231,1.505391787248812
60617,15,1,0,83553,2.31,0.8630450133448231,1.505391787248812
60617,16,2,1,83553,2.31,0.8630450133448231,1.505391787248812
60617,17,4,1,83553,2.31,0.8630450133448231,1.505391787248812
60617,18,3,1,83553,2.31,0.8630450133448231,1.505391787248812
60617,19,3,1,83553,2.31,0.8630450133448231,1.505391787248812
60617,20,2,1,83553,2.31,0.8630450133448231,1.505391787248812
60617,21,0,1,83553,2.31,0.8630450133448231,1.505391787248812
60617,22,3,1,83553,2.31,0.8630450133448231,1.505391787248812
60617,23,0,1,83553,2.31,0.8630450133448231,1.505391787248812
60617,24,0,1,83553,2.31,0.8630450133448231,1.505391787248812
60617,25,1,1,83553,2.31,0.8630450133448231,1.505391787248812
60617,26,0,1,83553,2.31,0.8630450133448231,1.505391787248812
60618,0,3,0,94907,3.5099999999999993,0.8213303549790849,0.9165814955693469
60618,1,8,0,94907,3.5099999999999993,0.8213303549790849,0.9165814955693469
60618,2,2,0,94907,3.5099999999999993,0.8213303549790849,0.9165814955693469
60618,3,3,0,94907,3.5099999999999993,0.8213303549790849,0.9165814955693469
60618,4,3,0,94907,3.5099999999999993,0.8213303549790849,0.9165814955693469
60618,5,2,0,94907,3.5099999999999993,0.8213303549790849,0.9165814955693469
60618,6,2,0,94907,3.5099999999999993,0.8213303549790849,0.9165814955693469
60618,7,1,0,94907,3.5099999999999993,0.8213303549790849,0.9165814955693469
60618,8,2,0,94907,3.5099999999999993,0.8213303549790849,0.9165814955693469
60618,9,4,0,94907,3.5099999999999993,0.8213303549790849,0.9165814955693469
60618,10,0,0,94907,3.5099999999999993,0.8213303549790849,0.9165814955693469
60618,11,0,0,94907,3.5099999999999993,0.8213303549790849,0.9165814955693469
60618,12,0,0,94907,3.5099999999999993,0.8213303549790849,0.9165814955693469
60618,13,0,0,94907,3.5099999999999993,0.8213303549790849,0.9165814955693469
60618,14,2,0,94907,3.5099999999999993,0.8213303549790849,0.9165814955693469
60618,15,1,0,94907,3.5099999999999993,0.8213303549790849,0.9165814955693469
60618,16,0,1,94907,3.5099999999999993,0.8213303549790849,0.9165814955693469
60618,17,0,1,94907,3.5099999999999993,0.8213303549790849,0.9165814955693469
60618,18,3,1,94907,3.5099999999999993,0.8213303549790849,0.9165814955693469
60618,19,2,1,94907,3.5099999999999993,0.8213303549790849,0.9165814955693469
60618,20,4,1,94907,3.5099999999999993,0.8213303549790849,0.9165814955693469
60618,21,0,1,94907,3.5099999999999993,0.8213303549790849,0.9165814955693469
60618,22,0,1,94907,3.5099999999999993,0.8213303549790849,0.9165814955693469
60618,23,1,1,94907,3.5099999999999993,0.8213303549790849,0.9165814955693469
60618,24,1,1,94907,3.5099999999999993,0.8213303549790849,0.9165814955693469
60618,25,2,1,94907,3.5099999999999993,0.8213303549790849,0.9165814955693469
60618,26,1,1,94907,3.5099999999999993,0.8213303549790849,0.9165814955693469
60619,0,5,0,61207,2.44,0.6567876223307791,1.7086280980933553
60619,1,7,0,61207,2.44,0.6567876223307791,1.7086280980933553
60619,2,3,0,61207,2.44,0.6567876223307791,1.7086280980933553
60619,3,1,0,61207,2.44,0.6567876223307791,1.7086280980933553
60619,4,1,0,61207,2.44,0.6567876223307791,1.7086280980933553
60619,5,1,0,61207,2.44,0.6567876223307791,1.7086280980933553
60619,6,5,0,61207,2.44,0.6567876223307791,1.7086280980933553
60619,7,2,0,61207,2.44,0.6567876223307791,1.7086280980933553
60619,8,0,0,61207,2.44,0.6567876223307791,1.7086280980933553
60619,9,0,0,61207,2.44,0.6567876223307791,1.7086280980933553
60619,10,1,0,61207,2.44,0.6567876223307791,1.7086280980933553
60619,11,1,0,61207,2.44,0.6567876223307791,1.7086280980933553
60619,12,2,0,61207,2.44,0.6567876223307791,1.7086280980933553
60619,13,1,0,61207,2.44,0.6567876223307791,1.7086280980933553
60619,14,2,0,61207,2.44,0.6567876223307791,1.7086280980933553
60619,15,0,0,61207,2.44,0.6567876223307791,1.7086280980933553
60619,16,4,1,61207,2.44,0.6567876223307791,1.7086280980933553
60619,17,3,1,61207,2.44,0.6567876223307791,1.7086280980933553
60619,18,2,1,61207,2.44,0.6567876223307791,1.7086280980933553
60619,19,2,1,61207,2.44,0.6567876223307791,1.7086280980933553
60619,20,0,1,61207,2.44,0.6567876223307791,1.7086280980933553
60619,21,1,1,61207,2.44,0.6567876223307791,1.7086280980933553
60619,22,3,1,61207,2.44,0.6567876223307791,1.7086280980933553
60619,23,0,1,61207,2.44,0.6567876223307791,1.7086280980933553
60619,24,3,1,61207,2.44,0.6567876223307791,1.7086280980933553
60619,25,0,1,61207,2.44,0.6567876223307791,1.7086280980933553
60619,26,0,1,61207,2.44,0.6567876223307791,1.7086280980933553
60620,0,5,0,67711,2.2199999999999998,0.6988524759640236,1.7685457311219743
60620,1,6,0,67711,2.2199999999999998,0.6988524759640236,1.7685457311219743
60620,2,5,0,67711,2.2199999999999998,0.6988524759640236,1.7685457311219743
60620,3,4,0,67711,2.2199999999999998,0.6988524759640236,1.7685457311219743
60620,4,3,0,67711,2.2199999999999998,0.6988524759640236,1.7685457311219743
60620,5,3,0,67711,2.2199999999999998,0.6988524759640236,1.7685457311219743
60620,6,0,0,67711,2.2199999999999998,0.6988524759640236,1.7685457311219743
60620,7,3,0,67711,2.2199999999999998,0.6988524759640236,1.7685457311219743
60620,8,2,0,67711,2.2199999999999998,0.6988524759640236,1.7685457311219743
60620,9,1,0,67711,2.2199999999999998,0.6988524759640236,1.7685457311219743
60620,10,0,0,67711,2.2199999999999998,0.6988524759640236,1.7685457311219743
60620,11,0,0,67711,2.2199999999999998,0.6988524759640236,1.7685457311219743
60620,12,1,0,67711,2.2199999999999998,0.6988524759640236,1.7685457311219743
60620,13,1,0,67711,2.2199999999999998,0.6988524759640236,1.7685457311219743
60620,14,2,0,67711,2.2199999999999998,0.6988524759640236,1.7685457311219743
60620,15,1,0,67711,2.2199999999999998,0.6988524759640236,1.7685457311219743
60620,16,1,1,67711,2.2199999999999998,0.6988524759640236,1.7685457311219743
60620,17,3,1,67711,2.2199999999999998,0.6988524759640236,1.7685457311219743
60620,18,1,1,67711,2.2199999999999998,0.6988524759640236,1.7685457311219743
60620,19,2,1,67711,2.2199999999999998,0.6988524759640236,1.7685457311219743
60620,20,5,1,67711,2.2199999999999998,0.6988524759640236,1.7685457311219743
60620,21,4,1,67711,2.2199999999999998,0.6988524759640236,1.7685457311219743
60620,22,2,1,67711,2.2199999999999998,0.6988524759640236,1.7685457311219743
60620,23,2,1,67711,2.2199999999999998,0.6988524759640236,1.7685457311219743
60620,24,4,1,67711,2.2199999999999998,0.6988524759640236,1.7685457311219743
60620,25,1,1,67711,2.2199999999999998,0.6988524759640236,1.7685457311219743
60620,26,1,1,67711,2.2199999999999998,0.6988524759640236,1.7685457311219743
60621,0,2,0,28018,1.75,0.7177528731529731,1.4165893354272254
60621,1,0,0,28018,1.75,0.7177528731529731,1.4165893354272254
60621,2,1,0,28018,1.75,0.7177528731529731,1.4165893354272254
60621,3,1,0,28018,1.75,0.7177528731529731,1.4165893354272254
60621,4,0,0,28018,1.75,0.7177528731529731,1.4165893354272254
60621,5,2,0,28018,1.75,0.7177528731529731,1.4165893354272254
60621,6,3,0,28018,1.75,0.7177528731529731,1.4165893354272254
60621,7,1,0,28018,1.75,0.7177528731529731,1.4165893354272254
60621,8,0,0,28018,1.75,0.7177528731529731,1.4165893354272254
60621,9,1,0,28018,1.75,0.7177528731529731,1.4165893354272254
60621,10,2,0,28018,1.75,0.7177528731529731,1.4165893354272254
60621,11,0,0,28018,1.75,0.7177528731529731,1.4165893354272254
60621,12,0,0,28018,1.75,0.7177528731529731,1.4165893354272254
60621,13,2,0,28018,1.75,0.7177528731529731,1.4165893354272254
60621,14,0,0,28018,1.75,0.7177528731529731,1.4165893354272254
60621,15,0,0,28018,1.75,0.7177528731529731,1.4165893354272254
60621,16,0,1,28018,1.75,0.7177528731529731,1.4165893354272254
60621,17,1,1,28018,1.75,0.7177528731529731,1.4165893354272254
60621,18,3,1,28018,1.75,0.7177528731529731,1.4165893354272254
60621,19,1,1,28018,1.75,0.7177528731529731,1.4165893354272254
60621,20,1,1,28018,1.75,0.7177528731529731,1.4165893354272254
60621,21,0,1,28018,1.75,0.7177528731529731,1.4165893354272254
60621,22,1,1,28018,1.75,0.7177528731529731,1.4165893354272254
60621,23,1,1,28018,1.75,0.7177528731529731,1.4165893354272254
60621,24,0,1,28018,1.75,0.7177528731529731,1.4165893354272254
60621,25,1,1,28018,1.75,0.7177528731529731,1.4165893354272254
60621,26,1,1,28018,1.75,0.7177528731529731,1.4165893354272254
60622,0,0,0,53294,4.08,0.9068563065260629,0.6145157053326828
60622,1,0,0,53294,4.08,0.9068563065260629,0.6145157053326828
60622,2,0,0,53294,4.08,0.9068563065260629,0.6145157053326828
60622,3,2,0,53294,4.08,0.9068563065260629,0.6145157053326828
60622,4,1,0,53294,4.08,0.9068563065260629,0.6145157053326828
60622,5,0,0,53294,4.08,0.9068563065260629,0.6145157053326828
60622,6,2,0,53294,4.08,0.9068563065260629,0.6145157053326828
60622,7,1,0,53294,4.08,0.9068563065260629,0.6145157053326828
60622,8,0,0,53294,4.08,0.9068563065260629,0.6145157053326828
60622,9,1,0,53294,4.08,0.9068563065260629,0.6145157053326828
60622,10,2,0,53294,4.08,0.9068563065260629,0.6145157053326828
60622,11,0,0,53294,4.08,0.9068563065260629,0.6145157053326828
60622,12,0,0,53294,4.08,0.9068563065260629,0.6145157053326828
60622,13,0,0,53294,4.08,0.9068563065260629,0.6145157053326828
60622,14,0,0,53294,4.08,0.9068563065260629,0.6145157053326828
60622,15,0,0,53294,4.08,0.9068563065260629,0.6145157053326828
60622,16,0,1,53294,4.08,0.9068563065260629,0.6145157053326828
60622,17,1,1,53294,4.08,0.9068563065260629,0.6145157053326828
60622,18,0,1,53294,4.08,0.9068563065260629,0.6145157053326828
60622,19,1,1,53294,4.08,0.9068563065260629,0.6145157053326828
60622,20,1,1,53294,4.08,0.9068563065260629,0.6145157053326828
60622,21,0,1,53294,4.08,0.9068563065260629,0.6145157053326828
60622,22,1,1,53294,4.08,0.9068563065260629,0.6145157053326828
60622,23,0,1,53294,4.08,0.9068563065260629,0.6145157053326828
60622,24,0,1,53294,4.08,0.9068563065260629,0.6145157053326828
60622,25,0,1,53294,4.08,0.9068563065260629,0.6145157053326828
60622,26,1,1,53294,4.08,0.9068563065260629,0.6145157053326828
60623,0,3,0,81283,2.92,1.258319697845798,1.0635680277548811
60623,1,3,0,81283,2.92,1.258319697845798,1.0635680277548811
60623,2,4,0,81283,2.92,1.258319697845798,1.0635680277548811
60623,3,5,0,81283,2.92,1.258319697845798,1.0635680277548811
60623,4,2,0,81283,2.92,1.258319697845798,1.0635680277548811
60623,5,4,0,81283,2.92,1.258319697845798,1.0635680277548811
60623,6,3,0,81283,2.92,1.258319697845798,1.0635680277548811
60623,7,2,0,81283,2.92,1.258319697845798,1.0635680277548811
60623,8,1,0,81283,2.92,1.258319697845798,1.0635680277548811
60623,9,1,0,81283,2.92,1.258319697845798,1.0635680277548811
60623,10,4,0,81283,2.92,1.258319697845798,1.0635680277548811
60623,11,0,0,81283,2.92,1.258319697845798,1.0635680277548811
60623,12,0,0,81283,2.92,1.258319697845798,1.0635680277548811
60623,13,0,0,81283,2.92,1.258319697845798,1.0635680277548811
60623,14,1,0,81283,2.92,1.258319697845798,1.0635680277548811
60623,15,1,0,81283,2.92,1.258319697845798,1.0635680277548811
60623,16,2,1,81283,2.92,1.258319697845798,1.0635680277548811
60623,17,2,1,81283,2.92,1.258319697845798,1.0635680277548811
60623,18,0,1,81283,2.92,1.258319697845798,1.0635680277548811
60623,19,2,1,81283,2.92,1.258319697845798,1.0635680277548811
60623,20,3,1,81283,2.92,1.258319697845798,1.0635680277548811
60623,21,1,1,81283,2.92,1.258319697845798,1.0635680277548811
60623,22,1,1,81283,2.92,1.258319697845798,1.0635680277548811
60623,23,2,1,81283,2.92,1.258319697845798,1.0635680277548811
60623,24,2,1,81283,2.92,1.258319697845798,1.0635680277548811
60623,25,1,1,81283,2.92,1.258319697845798,1.0635680277548811
60623,26,4,1,81283,2.92,1.258319697845798,1.0635680277548811
60624,0,4,0,34892,1.95,0.8534907715235585,1.1572853376132064
60624,1,1,0,34892,1.95,0.8534907715235585,1.1572853376132064
60624,2,1,0,34892,1.95,0.8534907715235585,1.1572853376132064
60624,3,1,0,34892,1.95,0.8534907715235585,1.1572853376132064
60624,4,1,0,34892,1.95,0.8534907715235585,1.1572853376132064
60624,5,1,0,34892,1.95,0.8534907715235585,1.1572853376132064
60624,6,2,0,34892,1.95,0.8534907715235585,1.1572853376132064
60624,7,3,0,34892,1.95,0.8534907715235585,1.1572853376132064
60624,8,2,0,34892,1.95,0.8534907715235585,1.1572853376132064
60624,9,2,0,34892,1.95,0.8534907715235585,1.1572853376132064
60624,10,1,0,34892,1.95,0.8534907715235585,1.1572853376132064
60624,11,0,0,34892,1.95,0.8534907715235585,1.1572853376132064
60624,12,1,0,34892,1.95,0.8534907715235585,1.1572853376132064
60624,13,1,0,34892,1.95,0.8534907715235585,1.1572853376132064
60624,14,0,0,34892,1.95,0.8534907715235585,1.1572853376132064
60624,15,1,0,34892,1.95,0.8534907715235585,1.1572853376132064
60624,16,1,1,34892,1.95,0.8534907715235585,1.1572853376132064
60624,17,0,1,34892,1.95,0.8534907715235585,1.1572853376132064
60624,18,1,1,34892,1.95,0.8534907715235585,1.1572853376132064
60624,19,0,1,34892,1.95,0.8534907715235585,1.1572853376132064
60624,20,1,1,34892,1.95,0.8534907715235585,1.1572853376132064
60624,21,2,1,34892,1.95,0.8534907715235585,1.1572853376132064
60624,22,2,1,34892,1.95,0.8534907715235585,1.1572853376132064
60624,23,1,1,34892,1.95,0.8534907715235585,1.1572853376132064
60624,24,1,1,34892,1.95,0.8534907715235585,1.1572853376132064
60624,25,2,1,34892,1.95,0.8534907715235585,1.1572853376132064
60624,26,2,1,34892,1.95,0.8534907715235585,1.1572853376132064
60625,0,6,0,79444,3.45,0.8110115301344344,1.014173505865767
60625,1,8,0,79444,3.45,0.8110115301344344,1.014173505865767
60625,2,6,0,79444,3.45,0.8110115301344344,1.014173505865767
60625,3,3,0,79444,3.45,0.8110115301344344,1.014173505865767
60625,4,7,0,79444,3.45,0.8110115301344344,1.014173505865767
60625,5,2,0,79444,3.45,0.8110115301344344,1.014173505865767
60625,6,5,0,79444,3.45,0.8110115301344344,1.014173505865767
60625,7,4,0,79444,3.45,0.8110115301344344,1.014173505865767
60625,8,1,0,79444,3.45,0.8110115301344344,1.014173505865767
60625,9,1,0,79444,3.45,0.8110115301344344,1.014173505865767
60625,10,2,0,79444,3.45,0.8110115301344344,1.014173505865767
60625,11,1,0,79444,3.45,0.8110115301344344,1.014173505865767
60625,12,0,0,79444,3.45,0.8110115301344344,1.014173505865767
60625,13,2,0,79444,3.45,0.8110115301344344,1.014173505865767
60625,14,0,0,79444,3.45,0.8110115301344344,1.014173505865767
60625,15,2,0,79444,3.45,0.8110115301344344,1.014173505865767
60625,16,0,1,79444,3.45,0.8110115301344344,1.014173505865767
60625,17,0,1,79444,3.45,0.8110115301344344,1.014173505865767
60625,18,0,1,79444,3.45,0.8110115301344344,1.014173505865767
60625,19,2,1,79444,3.45,0.8110115301344344,1.014173505865767
60625,20,1,1,79444,3.45,0.8110115301344344,1.014173505865767
60625,21,2,1,79444,3.45,0.8110115301344344,1.014173505865767
60625,22,2,1,79444,3.45,0.8110115301344344,1.014173505865767
60625,23,0,1,79444,3.45,0.8110115301344344,1.014173505865767
60625,24,2,1,79444,3.45,0.8110115301344344,1.014173505865767
60625,25,2,1,79444,3.45,0.8110115301344344,1.014173505865767
60625,26,0,1,79444,3.45,0.8110115301344344,1.014173505865767
60626,0,2,0,50544,3.2700000000000005,0.7816951566951568,0.9807296612852169
60626,1,4,0,50544,3.2700000000000005,0.7816951566951568,0.9807296612852169
60626,2,3,0,50544,3.2700000000000005,0.7816951566951568,0.9807296612852169
60626,3,3,0,50544,3.2700000000000005,0.7816951566951568,0.9807296612852169
60626,4,3,0,50544,3.2700000000000005,0.7816951566951568,0.9807296612852169
60626,5,3,0,50544,3.2700000000000005,0.7816951566951568,0.9807296612852169
60626,6,1,0,50544,3.2700000000000005,0.7816951566951568,0.9807296612852169
60626,7,0,0,50544,3.2700000000000005,0.7816951566951568,0.9807296612852169
60626,8,1,0,50544,3.2700000000000005,0.7816951566951568,0.9807296612852169
60626,9,1,0,50544,3.2700000000000005,0.7816951566951568,0.9807296612852169
60626,10,1,0,50544,3.2700000000000005,0.7816951566951568,0.9807296612852169
60626,11,0,0,50544,3.2700000000000005,0.7816951566951568,0.9807296612852169
60626,12,0,0,50544,3.2700000000000005,0.7816951566951568,0.9807296612852169
60626,13,1,0,50544,3.2700000000000005,0.7816951566951568,0.9807296612852169
60626,14,0,0,50544,3.2700000000000005,0.7816951566951568,0.9807296612852169
60626,15,2,0,50544,3.2700000000000005,0.7816951566951568,0.9807296612852169
60626,16,1,1,50544,3.2700000000000005,0.7816951566951568,0.9807296612852169
60626,17,2,1,50544,3.2700000000000005,0.7816951566951568,0.9807296612852169
60626,18,2,1,50544,3.2700000000000005,0.7816951566951568,0.9807296612852169
60626,19,0,1,50544,3.2700000000000005,0.7816951566951568,0.9807296612852169
60626,20,0,1,50544,3.2700000000000005,0.7816951566951568,0.9807296612852169
60626,21,0,1,50544,3.2700000000000005,0.7816951566951568,0.9807296612852169
60626,22,1,1,50544,3.2700000000000005,0.7816951566951568,0.9807296612852169
60626,23,1,1,50544,3.2700000000000005,0.7816951566951568,0.9807296612852169
60626,24,0,1,50544,3.2700000000000005,0.7816951566951568,0.9807296612852169
60626,25,0,1,50544,3.2700000000000005,0.7816951566951568,0.9807296612852169
60626,26,0,1,50544,3.2700000000000005,0.7816951566951568,0.9807296612852169
60628,0,4,0,64254,2.29,0.7014349301210819,1.7191147632832195
60628,1,2,0,64254,2.29,0.7014349301210819,1.7191147632832195
60628,2,5,0,64254,2.29,0.7014349301210819,1.7191147632832195
60628,3,2,0,64254,2.29,0.7014349301210819,1.7191147632832195
60628,4,2,0,64254,2.29,0.7014349301210819,1.7191147632832195
60628,5,4,0,64254,2.29,0.7014349301210819,1.7191147632832195
60628,6,4,0,64254,2.29,0.7014349301210819,1.7191147632832195
60628,7,3,0,64254,2.29,0.7014349301210819,1.7191147632832195
60628,8,1,0,64254,2.29,0.7014349301210819,1.7191147632832195
60628,9,0,0,64254,2.29,0.7014349301210819,1.7191147632832195
60628,10,1,0,64254,2.29,0.7014349301210819,1.7191147632832195
60628,11,1,0,64254,2.29,0.7014349301210819,1.7191147632832195
60628,12,0,0,64254,2.29,0.7014349301210819,1.7191147632832195
60628,13,2,0,64254,2.29,0.7014349301210819,1.7191147632832195
60628,14,1,0,64254,2.29,0.7014349301210819,1.7191147632832195
60628,15,2,0,64254,2.29,0.7014349301210819,1.7191147632832195
60628,16,2,1,64254,2.29,0.7014349301210819,1.7191147632832195
60628,17,0,1,64254,2.29,0.7014349301210819,1.7191147632832195
60628,18,1,1,64254,2.29,0.7014349301210819,1.7191147632832195
60628,19,1,1,64254,2.29,0.7014349301210819,1.7191147632832195
60628,20,5,1,64254,2.29,0.7014349301210819,1.7191147632832195
60628,21,3,1,64254,2.29,0.7014349301210819,1.7191147632832195
60628,22,0,1,64254,2.29,0.7014349301210819,1.7191147632832195
60628,23,3,1,64254,2.29,0.7014349301210819,1.7191147632832195
60628,24,1,1,64254,2.29,0.7014349301210819,1.7191147632832195
60628,25,1,1,64254,2.29,0.7014349301210819,1.7191147632832195
60628,26,0,1,64254,2.29,0.7014349301210819,1.7191147632832195
60629,0,11,0,110029,3.0599999999999996,1.4765198265911714,1.0536313153804906
60629,1,5,0,110029,3.0599999999999996,1.4765198265911714,1.0536313153804906
60629,2,6,0,110029,3.0599999999999996,1.4765198265911714,1.0536313153804906
60629,3,6,0,110029,3.0599999999999996,1.4765198265911714,1.0536313153804906
60629,4,5,0,110029,3.0599999999999996,1.4765198265911714,1.0536313153804906
60629,5,4,0,110029,3.0599999999999996,1.4765198265911714,1.0536313153804906
60629,6,4,0,110029,3.0599999999999996,1.4765198265911714,1.0536313153804906
60629,7,4,0,110029,3.0599999999999996,1.4765198265911714,1.0536313153804906
60629,8,3,0,110029,3.0599999999999996,1.4765198265911714,1.0536313153804906
60629,9,3,0,110029,3.0599999999999996,1.4765198265911714,1.0536313153804906
60629,10,1,0,110029,3.0599999999999996,1.4765198265911714,1.0536313153804906
60629,11,1,0,110029,3.0599999999999996,1.4765198265911714,1.0536313153804906
60629,12,1,0,110029,3.0599999999999996,1.4765198265911714,1.0536313153804906
60629,13,2,0,110029,3.0599999999999996,1.4765198265911714,1.0536313153804906
60629,14,1,0,110029,3.0599999999999996,1.4765198265911714,1.0536313153804906
60629,15,1,0,110029,3.0599999999999996,1.4765198265911714,1.0536313153804906
60629,16,3,1,110029,3.0599999999999996,1.4765198265911714,1.0536313153804906
60629,17,3,1,110029,3.0599999999999996,1.4765198265911714,1.0536313153804906
60629,18,1,1,110029,3.0599999999999996,1.4765198265911714,1.0536313153804906
60629,19,1,1,110029,3.0599999999999996,1.4765198265911714,1.0536313153804906
60629,20,1,1,110029,3.0599999999999996,1.4765198265911714,1.0536313153804906
60629,21,4,1,110029,3.0599999999999996,1.4765198265911714,1.0536313153804906
60629,22,1,1,110029,3.0599999999999996,1.4765198265911714,1.0536313153804906
60629,23,1,1,110029,3.0599999999999996,1.4765198265911714,1.0536313153804906
60629,24,1,1,110029,3.0599999999999996,1.4765198265911714,1.0536313153804906
60629,25,0,1,110029,3.0599999999999996,1.4765198265911714,1.0536313153804906
60629,26,2,1,110029,3.0599999999999996,1.4765198265911714,1.0536313153804906
60630,0,3,0,56433,3.34,0.9203834635762763,1.5393475448762248
60630,1,3,0,56433,3.34,0.9203834635762763,1.5393475448762248
60630,2,7,0,56433,3.34,0.9203834635762763,1.5393475448762248
60630,3,6,0,56433,3.34,0.9203834635762763,1.5393475448762248
60630,4,1,0,56433,3.34,0.9203834635762763,1.5393475448762248
60630,5,2,0,56433,3.34,0.9203834635762763,1.5393475448762248
60630,6,0,0,56433,3.34,0.9203834635762763,1.5393475448762248
60630,7,2,0,56433,3.34,0.9203834635762763,1.5393475448762248
60630,8,2,0,56433,3.34,0.9203834635762763,1.5393475448762248
60630,9,2,0,56433,3.34,0.9203834635762763,1.5393475448762248
60630,10,1,0,56433,3.34,0.9203834635762763,1.5393475448762248
60630,11,4,0,56433,3.34,0.9203834635762763,1.5393475448762248
60630,12,0,0,56433,3.34,0.9203834635762763,1.5393475448762248
60630,13,1,0,56433,3.34,0.9203834635762763,1.5393475448762248
60630,14,1,0,56433,3.34,0.9203834635762763,1.5393475448762248
60630,15,0,0,56433,3.34,0.9203834635762763,1.5393475448762248
60630,16,0,1,56433,3.34,0.9203834635762763,1.5393475448762248
60630,17,1,1,56433,3.34,0.9203834635762763,1.5393475448762248
60630,18,3,1,56433,3.34,0.9203834635762763,1.5393475448762248
60630,19,4,1,56433,3.34,0.9203834635762763,1.5393475448762248
60630,20,1,1,56433,3.34,0.9203834635762763,1.5393475448762248
60630,21,3,1,56433,3.34,0.9203834635762763,1.5393475448762248
60630,22,0,1,56433,3.34,0.9203834635762763,1.5393475448762248
60630,23,0,1,56433,3.34,0.9203834635762763,1.5393475448762248
60630,24,0,1,56433,3.34,0.9203834635762763,1.5393475448762248
60630,25,1,1,56433,3.34,0.9203834635762763,1.5393475448762248
60630,26,0,1,56433,3.34,0.9203834635762763,1.5393475448762248
60631,0,5,0,29529,4.1899999999999995,0.9854719089708421,1.887297233228352
60631,1,8,0,29529,4.1899999999999995,0.9854719089708421,1.887297233228352
60631,2,1,0,29529,4.1899999999999995,0.9854719089708421,1.887297233228352
60631,3,1,0,29529,4.1899999999999995,0.9854719089708421,1.887297233228352
60631,4,5,0,29529,4.1899999999999995,0.9854719089708421,1.887297233228352
60631,5,0,0,29529,4.1899999999999995,0.9854719089708421,1.887297233228352
60631,6,1,0,29529,4.1899999999999995,0.9854719089708421,1.887297233228352
60631,7,2,0,29529,4.1899999999999995,0.9854719089708421,1.887297233228352
60631,8,1,0,29529,4.1899999999999995,0.9854719089708421,1.887297233228352
60631,9,0,0,29529,4.1899999999999995,0.9854719089708421,1.887297233228352
60631,10,2,0,29529,4.1899999999999995,0.9854719089708421,1.887297233228352
60631,11,2,0,29529,4.1899999999999995,0.9854719089708421,1.887297233228352
60631,12,0,0,29529,4.1899999999999995,0.9854719089708421,1.887297233228352
60631,13,1,0,29529,4.1899999999999995,0.9854719089708421,1.887297233228352
60631,14,0,0,29529,4.1899999999999995,0.9854719089708421,1.887297233228352
60631,15,1,0,29529,4.1899999999999995,0.9854719089708421,1.887297233228352
60631,16,1,1,29529,4.1899999999999995,0.9854719089708421,1.887297233228352
60631,17,2,1,29529,4.1899999999999995,0.9854719089708421,1.887297233228352
60631,18,1,1,29529,4.1899999999999995,0.9854719089708421,1.887297233228352
60631,19,0,1,29529,4.1899999999999995,0.9854719089708421,1.887297233228352
60631,20,1,1,29529,4.1899999999999995,0.9854719089708421,1.887297233228352
60631,21,0,1,29529,4.1899999999999995,0.9854719089708421,1.887297233228352
60631,22,0,1,29529,4.1899999999999995,0.9854719089708421,1.887297233228352
60631,23,0,1,29529,4.1899999999999995,0.9854719089708421,1.887297233228352
60631,24,0,1,29529,4.1899999999999995,0.9854719089708421,1.887297233228352
60631,25,0,1,29529,4.1899999999999995,0.9854719089708421,1.887297233228352
60631,26,0,1,29529,4.1899999999999995,0.9854719089708421,1.887297233228352
60632,0,10,0,89857,3.2700000000000005,1.4053440466519023,1.0443259846200073
60632,1,1,0,89857,3.2700000000000005,1.4053440466519023,1.0443259846200073
60632,2,8,0,89857,3.2700000000000005,1.4053440466519023,1.0443259846200073
60632,3,3,0,89857,3.2700000000000005,1.4053440466519023,1.0443259846200073
60632,4,6,0,89857,3.2700000000000005,1.4053440466519023,1.0443259846200073
60632,5,2,0,89857,3.2700000000000005,1.4053440466519023,1.0443259846200073
60632,6,8,0,89857,3.2700000000000005,1.4053440466519023,1.0443259846200073
60632,7,1,0,89857,3.2700000000000005,1.4053440466519023,1.0443259846200073
60632,8,3,0,89857,3.2700000000000005,1.4053440466519023,1.0443259846200073
60632,9,1,0,89857,3.2700000000000005,1.4053440466519023,1.0443259846200073
60632,10,3,0,89857,3.2700000000000005,1.4053440466519023,1.0443259846200073
60632,11,1,0,89857,3.2700000000000005,1.4053440466519023,1.0443259846200073
60632,12,1,0,89857,3.2700000000000005,1.4053440466519023,1.0443259846200073
60632,13,1,0,89857,3.2700000000000005,1.4053440466519023,1.0443259846200073
60632,14,1,0,89857,3.2700000000000005,1.4053440466519023,1.0443259846200073
60632,15,1,0,89857,3.2700000000000005,1.4053440466519023,1.0443259846200073
60632,16,0,1,89857,3.2700000000000005,1.4053440466519023,1.0443259846200073
60632,17,1,1,89857,3.2700000000000005,1.4053440466519023,1.0443259846200073
60632,18,0,1,89857,3.2700000000000005,1.4053440466519023,1.0443259846200073
60632,19,0,1,89857,3.2700000000000005,1.4053440466519023,1.0443259846200073
60632,20,0,1,89857,3.2700000000000005,1.4053440466519023,1.0443259846200073
60632,21,2,1,89857,3.2700000000000005,1.4053440466519023,1.0443259846200073
60632,22,3,1,89857,3.2700000000000005,1.4053440466519023,1.0443259846200073
60632,23,0,1,89857,3.2700000000000005,1.4053440466519023,1.0443259846200073
60632,24,1,1,89857,3.2700000000000005,1.4053440466519023,1.0443259846200073
60632,25,1,1,89857,3.2700000000000005,1.4053440466519023,1.0443259846200073
60632,26,1,1,89857,3.2700000000000005,1.4053440466519023,1.0443259846200073
60633,0,0,0,12689,1.85,0.9866813775711246,1.6463078256757822
60633,1,1,0,12689,1.85,0.9866813775711246,1.6463078256757822
60633,2,0,0,12689,1.85,0.9866813775711246,1.6463078256757822
60633,3,0,0,12689,1.85,0.9866813775711246,1.6463078256757822
60633,4,1,0,12689,1.85,0.9866813775711246,1.6463078256757822
60633,5,0,0,12689,1.85,0.9866813775711246,1.6463078256757822
60633,6,0,0,12689,1.85,0.9866813775711246,1.6463078256757822
60633,7,0,0,12689,1.85,0.9866813775711246,1.6463078256757822
60633,8,1,0,12689,1.85,0.9866813775711246,1.6463078256757822
60633,9,0,0,12689,1.85,0.9866813775711246,1.6463078256757822
60633,10,1,0,12689,1.85,0.9866813775711246,1.6463078256757822
60633,11,0,0,12689,1.85,0.9866813775711246,1.6463078256757822
60633,12,0,0,12689,1.85,0.9866813775711246,1.6463078256757822
60633,13,0,0,12689,1.85,0.9866813775711246,1.6463078256757822
60633,14,0,0,12689,1.85,0.9866813775711246,1.6463078256757822
60633,15,0,0,12689,1.85,0.9866813775711246,1.6463078256757822
60633,16,0,1,12689,1.85,0.9866813775711246,1.6463078256757822
60633,17,0,1,12689,1.85,0.9866813775711246,1.6463078256757822
60633,18,0,1,12689,1.85,0.9866813775711246,1.6463078256757822
60633,19,0,1,12689,1.85,0.9866813775711246,1.6463078256757822
60633,20,0,1,12689,1.85,0.9866813775711246,1.6463078256757822
60633,21,1,1,12689,1.85,0.9866813775711246,1.6463078256757822
60633,22,0,1,12689,1.85,0.9866813775711246,1.6463078256757822
60633,23,0,1,12689,1.85,0.9866813775711246,1.6463078256757822
60633,24,0,1,12689,1.85,0.9866813775711246,1.6463078256757822
60633,25,0,1,12689,1.85,0.9866813775711246,1.6463078256757822
60633,26,0,1,12689,1.85,0.9866813775711246,1.6463078256757822
60634,0,4,0,75082,3.1,1.2807330651820674,1.5243333954876002
60634,1,5,0,75082,3.1,1.2807330651820674,1.5243333954876002
60634,2,7,0,75082,3.1,1.2807330651820674,1.5243333954876002
60634,3,4,0,75082,3.1,1.2807330651820674,1.5243333954876002
60634,4,0,0,75082,3.1,1.2807330651820674,1.5243333954876002
60634,5,4,0,75082,3.1,1.2807330651820674,1.5243333954876002
60634,6,5,0,75082,3.1,1.2807330651820674,1.5243333954876002
60634,7,2,0,75082,3.1,1.2807330651820674,1.5243333954876002
60634,8,7,0,75082,3.1,1.2807330651820674,1.5243333954876002
60634,9,2,0,75082,3.1,1.2807330651820674,1.5243333954876002
60634,10,2,0,75082,3.1,1.2807330651820674,1.5243333954876002
60634,11,3,0,75082,3.1,1.2807330651820674,1.5243333954876002
60634,12,2,0,75082,3.1,1.2807330651820674,1.5243333954876002
60634,13,2,0,75082,3.1,1.2807330651820674,1.5243333954876002
60634,14,2,0,75082,3.1,1.2807330651820674,1.5243333954876002
60634,15,2,0,75082,3.1,1.2807330651820674,1.5243333954876002
60634,16,1,1,75082,3.1,1.2807330651820674,1.5243333954876002
60634,17,1,1,75082,3.1,1.2807330651820674,1.5243333954876002
60634,18,1,1,75082,3.1,1.2807330651820674,1.5243333954876002
60634,19,0,1,75082,3.1,1.2807330651820674,1.5243333954876002
60634,20,1,1,75082,3.1,1.2807330651820674,1.5243333954876002
60634,21,1,1,75082,3.1,1.2807330651820674,1.5243333954876002
60634,22,1,1,75082,3.1,1.2807330651820674,1.5243333954876002
60634,23,2,1,75082,3.1,1.2807330651820674,1.5243333954876002
60634,24,1,1,75082,3.1,1.2807330651820674,1.5243333954876002
60634,25,3,1,75082,3.1,1.2807330651820674,1.5243333954876002
60634,26,0,1,75082,3.1,1.2807330651820674,1.5243333954876002
60636,0,3,0,30024,2.05,0.9512390087929656,2.1053157474020785
60636,1,1,0,30024,2.05,0.9512390087929656,2.1053157474020785
60636,2,3,0,30024,2.05,0.9512390087929656,2.1053157474020785
60636,3,2,0,30024,2.05,0.9512390087929656,2.1053157474020785
60636,4,1,0,30024,2.05,0.9512390087929656,2.1053157474020785
60636,5,3,0,30024,2.05,0.9512390087929656,2.1053157474020785
60636,6,2,0,30024,2.05,0.9512390087929656,2.1053157474020785
60636,7,1,0,30024,2.05,0.9512390087929656,2.1053157474020785
60636,8,2,0,30024,2.05,0.9512390087929656,2.1053157474020785
60636,9,0,0,30024,2.05,0.9512390087929656,2.1053157474020785
60636,10,0,0,30024,2.05,0.9512390087929656,2.1053157474020785
60636,11,0,0,30024,2.05,0.9512390087929656,2.1053157474020785
60636,12,2,0,30024,2.05,0.9512390087929656,2.1053157474020785
60636,13,0,0,30024,2.05,0.9512390087929656,2.1053157474020785
60636,14,1,0,30024,2.05,0.9512390087929656,2.1053157474020785
60636,15,0,0,30024,2.05,0.9512390087929656,2.1053157474020785
60636,16,1,1,30024,2.05,0.9512390087929656,2.1053157474020785
60636,17,0,1,30024,2.05,0.9512390087929656,2.1053157474020785
60636,18,2,1,30024,2.05,0.9512390087929656,2.1053157474020785
60636,19,0,1,30024,2.05,0.9512390087929656,2.1053157474020785
60636,20,1,1,30024,2.05,0.9512390087929656,2.1053157474020785
60636,21,1,1,30024,2.05,0.9512390087929656,2.1053157474020785
60636,22,2,1,30024,2.05,0.9512390087929656,2.1053157474020785
60636,23,2,1,30024,2.05,0.9512390087929656,2.1053157474020785
60636,24,1,1,30024,2.05,0.9512390087929656,2.1053157474020785
60636,25,0,1,30024,2.05,0.9512390087929656,2.1053157474020785
60636,26,0,1,30024,2.05,0.9512390087929656,2.1053157474020785
60637,0,1,0,47300,2.2600000000000002,0.6306553911205073,1.1813953488372093
60637,1,4,0,47300,2.2600000000000002,0.6306553911205073,1.1813953488372093
60637,2,2,0,47300,2.2600000000000002,0.6306553911205073,1.1813953488372093
60637,3,1,0,47300,2.2600000000000002,0.6306553911205073,1.1813953488372093
60637,4,2,0,47300,2.2600000000000002,0.6306553911205073,1.1813953488372093
60637,5,1,0,47300,2.2600000000000002,0.6306553911205073,1.1813953488372093
60637,6,1,0,47300,2.2600000000000002,0.6306553911205073,1.1813953488372093
60637,7,0,0,47300,2.2600000000000002,0.6306553911205073,1.1813953488372093
60637,8,1,0,47300,2.2600000000000002,0.6306553911205073,1.1813953488372093
60637,9,1,0,47300,2.2600000000000002,0.6306553911205073,1.1813953488372093
60637,10,0,0,47300,2.2600000000000002,0.6306553911205073,1.1813953488372093
60637,11,0,0,47300,2.2600000000000002,0.6306553911205073,1.1813953488372093
60637,12,1,0,47300,2.2600000000000002,0.6306553911205073,1.1813953488372093
60637,13,1,0,47300,2.2600000000000002,0.6306553911205073,1.1813953488372093
60637,14,0,0,47300,2.2600000000000002,0.6306553911205073,1.1813953488372093
60637,15,0,0,47300,2.2600000000000002,0.6306553911205073,1.1813953488372093
60637,16,1,1,47300,2.2600000000000002,0.6306553911205073,1.1813953488372093
60637,17,0,1,47300,2.2600000000000002,0.6306553911205073,1.1813953488372093
60637,18,0,1,47300,2.2600000000000002,0.6306553911205073,1.1813953488372093
60637,19,1,1,47300,2.2600000000000002,0.6306553911205073,1.1813953488372093
60637,20,0,1,47300,2.2600000000000002,0.6306553911205073,1.1813953488372093
60637,21,1,1,47300,2.2600000000000002,0.6306553911205073,1.1813953488372093
60637,22,0,1,47300,2.2600000000000002,0.6306553911205073,1.1813953488372093
60637,23,2,1,47300,2.2600000000000002,0.6306553911205073,1.1813953488372093
60637,24,0,1,47300,2.2600000000000002,0.6306553911205073,1.1813953488372093
60637,25,0,1,47300,2.2600000000000002,0.6306553911205073,1.1813953488372093
60637,26,1,1,47300,2.2600000000000002,0.6306553911205073,1.1813953488372093
60638,0,4,0,58669,2.9799999999999995,1.244609589391331,1.4044895941638686
60638,1,2,0,58669,2.9799999999999995,1.244609589391331,1.4044895941638686
60638,2,5,0,58669,2.9799999999999995,1.244609589391331,1.4044895941638686
60638,3,4,0,58669,2.9799999999999995,1.244609589391331,1.4044895941638686
60638,4,4,0,58669,2.9799999999999995,1.244609589391331,1.4044895941638686
60638,5,2,0,58669,2.9799999999999995,1.244609589391331,1.4044895941638686
60638,6,1,0,58669,2.9799999999999995,1.244609589391331,1.4044895941638686
60638,7,0,0,58669,2.9799999999999995,1.244609589391331,1.4044895941638686
60638,8,1,0,58669,2.9799999999999995,1.244609589391331,1.4044895941638686
60638,9,0,0,58669,2.9799999999999995,1.244609589391331,1.4044895941638686
60638,10,2,0,58669,2.9799999999999995,1.244609589391331,1.4044895941638686
60638,11,0,0,58669,2.9799999999999995,1.244609589391331,1.4044895941638686
60638,12,0,0,58669,2.9799999999999995,1.244609589391331,1.4044895941638686
60638,13,1,0,58669,2.9799999999999995,1.244609589391331,1.4044895941638686
60638,14,0,0,58669,2.9799999999999995,1.244609589391331,1.4044895941638686
60638,15,1,0,58669,2.9799999999999995,1.244609589391331,1.4044895941638686
60638,16,0,1,58669,2.9799999999999995,1.244609589391331,1.4044895941638686
60638,17,1,1,58669,2.9799999999999995,1.244609589391331,1.4044895941638686
60638,18,2,1,58669,2.9799999999999995,1.244609589391331,1.4044895941638686
60638,19,1,1,58669,2.9799999999999995,1.244609589391331,1.4044895941638686
60638,20,2,1,58669,2.9799999999999995,1.244609589391331,1.4044895941638686
60638,21,2,1,58669,2.9799999999999995,1.244609589391331,1.4044895941638686
60638,22,0,1,58669,2.9799999999999995,1.244609589391331,1.4044895941638686
60638,23,1,1,58669,2.9799999999999995,1.244609589391331,1.4044895941638686
60638,24,3,1,58669,2.9799999999999995,1.244609589391331,1.4044895941638686
60638,25,0,1,58669,2.9799999999999995,1.244609589391331,1.4044895941638686
60638,26,0,1,58669,2.9799999999999995,1.244609589391331,1.4044895941638686
60639,0,8,0,88204,3.04,1.5343975329917012,0.9861230783184437
60639,1,11,0,88204,3.04,1.5343975329917012,0.9861230783184437
60639,2,11,0,88204,3.04,1.5343975329917012,0.9861230783184437
60639,3,5,0,88204,3.04,1.5343975329917012,0.9861230783184437
60639,4,8,0,88204,3.04,1.5343975329917012,0.9861230783184437
60639,5,2,0,88204,3.04,1.5343975329917012,0.9861230783184437
60639,6,3,0,88204,3.04,1.5343975329917012,0.9861230783184437
60639,7,2,0,88204,3.04,1.5343975329917012,0.9861230783184437
60639,8,5,0,88204,3.04,1.5343975329917012,0.9861230783184437
60639,9,1,0,88204,3.04,1.5343975329917012,0.9861230783184437
60639,10,4,0,88204,3.04,1.5343975329917012,0.9861230783184437
60639,11,2,0,88204,3.04,1.5343975329917012,0.9861230783184437
60639,12,1,0,88204,3.04,1.5343975329917012,0.9861230783184437
60639,13,2,0,88204,3.04,1.5343975329917012,0.9861230783184437
60639,14,0,0,88204,3.04,1.5343975329917012,0.9861230783184437
60639,15,2,0,88204,3.04,1.5343975329917012,0.9861230783184437
60639,16,1,1,88204,3.04,1.5343975329917012,0.9861230783184437
60639,17,2,1,88204,3.04,1.5343975329917012,0.9861230783184437
60639,18,4,1,88204,3.04,1.5343975329917012,0.9861230783184437
60639,19,2,1,88204,3.04,1.5343975329917012,0.9861230783184437
60639,20,1,1,88204,3.04,1.5343975329917012,0.9861230783184437
60639,21,0,1,88204,3.04,1.5343975329917012,0.9861230783184437
60639,22,3,1,88204,3.04,1.5343975329917012,0.9861230783184437
60639,23,0,1,88204,3.04,1.5343975329917012,0.9861230783184437
60639,24,3,1,88204,3.04,1.5343975329917012,0.9861230783184437
60639,25,2,1,88204,3.04,1.5343975329917012,0.9861230783184437
60639,26,2,1,88204,3.04,1.5343975329917012,0.9861230783184437
60640,0,6,0,69363,4.13,0.6213687412597494,1.3435116704871473
60640,1,2,0,69363,4.13,0.6213687412597494,1.3435116704871473
60640,2,5,0,69363,4.13,0.6213687412597494,1.3435116704871473
60640,3,6,0,69363,4.13,0.6213687412597494,1.3435116704871473
60640,4,2,0,69363,4.13,0.6213687412597494,1.3435116704871473
60640,5,3,0,69363,4.13,0.6213687412597494,1.3435116704871473
60640,6,2,0,69363,4.13,0.6213687412597494,1.3435116704871473
60640,7,1,0,69363,4.13,0.6213687412597494,1.3435116704871473
60640,8,2,0,69363,4.13,0.6213687412597494,1.3435116704871473
60640,9,2,0,69363,4.13,0.6213687412597494,1.3435116704871473
60640,10,1,0,69363,4.13,0.6213687412597494,1.3435116704871473
60640,11,0,0,69363,4.13,0.6213687412597494,1.3435116704871473
60640,12,3,0,69363,4.13,0.6213687412597494,1.3435116704871473
60640,13,1,0,69363,4.13,0.6213687412597494,1.3435116704871473
60640,14,0,0,69363,4.13,0.6213687412597494,1.3435116704871473
60640,15,0,0,69363,4.13,0.6213687412597494,1.3435116704871473
60640,16,1,1,69363,4.13,0.6213687412597494,1.3435116704871473
60640,17,2,1,69363,4.13,0.6213687412597494,1.3435116704871473
60640,18,1,1,69363,4.13,0.6213687412597494,1.3435116704871473
60640,19,0,1,69363,4.13,0.6213687412597494,1.3435116704871473
60640,20,1,1,69363,4.13,0.6213687412597494,1.3435116704871473
60640,21,1,1,69363,4.13,0.6213687412597494,1.3435116704871473
60640,22,0,1,69363,4.13,0.6213687412597494,1.3435116704871473
60640,23,1,1,69363,4.13,0.6213687412597494,1.3435116704871473
60640,24,0,1,69363,4.13,0.6213687412597494,1.3435116704871473
60640,25,0,1,69363,4.13,0.6213687412597494,1.3435116704871473
60640,26,0,1,69363,4.13,0.6213687412597494,1.3435116704871473
60641,0,3,0,69880,3.15,1.194476244991414,1.162135088723526
60641,1,8,0,69880,3.15,1.194476244991414,1.162135088723526
60641,2,4,0,69880,3.15,1.194476244991414,1.162135088723526
60641,3,4,0,69880,3.15,1.194476244991414,1.162135088723526
60641,4,5,0,69880,3.15,1.194476244991414,1.162135088723526
60641,5,2,0,69880,3.15,1.194476244991414,1.162135088723526
60641,6,2,0,69880,3.15,1.194476244991414,1.162135088723526
60641,7,0,0,69880,3.15,1.194476244991414,1.162135088723526
60641,8,3,0,69880,3.15,1.194476244991414,1.162135088723526
60641,9,3,0,69880,3.15,1.194476244991414,1.162135088723526
60641,10,1,0,69880,3.15,1.194476244991414,1.162135088723526
60641,11,1,0,69880,3.15,1.194476244991414,1.162135088723526
60641,12,3,0,69880,3.15,1.194476244991414,1.162135088723526
60641,13,0,0,69880,3.15,1.194476244991414,1.162135088723526
60641,14,1,0,69880,3.15,1.194476244991414,1.162135088723526
60641,15,2,0,69880,3.15,1.194476244991414,1.162135088723526
60641,16,3,1,69880,3.15,1.194476244991414,1.162135088723526
60641,17,0,1,69880,3.15,1.194476244991414,1.162135088723526
60641,18,1,1,69880,3.15,1.194476244991414,1.162135088723526
60641,19,3,1,69880,3.15,1.194476244991414,1.162135088723526
60641,20,2,1,69880,3.15,1.194476244991414,1.162135088723526
60641,21,1,1,69880,3.15,1.194476244991414,1.162135088723526
60641,22,0,1,69880,3.15,1.194476244991414,1.162135088723526
60641,23,1,1,69880,3.15,1.194476244991414,1.162135088723526
60641,24,1,1,69880,3.15,1.194476244991414,1.162135088723526
60641,25,2,1,69880,3.15,1.194476244991414,1.162135088723526
60641,26,0,1,69880,3.15,1.194476244991414,1.162135088723526
60642,0,0,0,19716,4.13,0.9636843173057414,0.5959626699127611
60642,1,1,0,19716,4.13,0.9636843173057414,0.5959626699127611
60642,2,1,0,19716,4.13,0.9636843173057414,0.5959626699127611
60642,3,0,0,19716,4.13,0.9636843173057414,0.5959626699127611
60642,4,0,0,19716,4.13,0.9636843173057414,0.5959626699127611
60642,5,0,0,19716,4.13,0.9636843173057414,0.5959626699127611
60642,6,0,0,19716,4.13,0.9636843173057414,0.5959626699127611
60642,7,0,0,19716,4.13,0.9636843173057414,0.5959626699127611
60642,8,0,0,19716,4.13,0.9636843173057414,0.5959626699127611
60642,9,1,0,19716,4.13,0.9636843173057414,0.5959626699127611
60642,10,0,0,19716,4.13,0.9636843173057414,0.5959626699127611
60642,11,1,0,19716,4.13,0.9636843173057414,0.5959626699127611
60642,12,0,0,19716,4.13,0.9636843173057414,0.5959626699127611
60642,13,0,0,19716,4.13,0.9636843173057414,0.5959626699127611
60642,14,0,0,19716,4.13,0.9636843173057414,0.5959626699127611
60642,15,0,0,19716,4.13,0.9636843173057414,0.5959626699127611
60642,16,0,1,19716,4.13,0.9636843173057414,0.5959626699127611
60642,17,1,1,19716,4.13,0.9636843173057414,0.5959626699127611
60642,18,0,1,19716,4.13,0.9636843173057414,0.5959626699127611
60642,19,0,1,19716,4.13,0.9636843173057414,0.5959626699127611
60642,20,0,1,19716,4.13,0.9636843173057414,0.5959626699127611
60642,21,0,1,19716,4.13,0.9636843173057414,0.5959626699127611
60642,22,0,1,19716,4.13,0.9636843173057414,0.5959626699127611
60642,23,1,1,19716,4.13,0.9636843173057414,0.5959626699127611
60642,24,0,1,19716,4.13,0.9636843173057414,0.5959626699127611
60642,25,0,1,19716,4.13,0.9636843173057414,0.5959626699127611
60642,26,0,1,19716,4.13,0.9636843173057414,0.5959626699127611
60643,0,3,0,48887,3.35,0.8006218422075397,1.8755497371489351
60643,1,8,0,48887,3.35,0.8006218422075397,1.8755497371489351
60643,2,3,0,48887,3.35,0.8006218422075397,1.8755497371489351
60643,3,2,0,48887,3.35,0.8006218422075397,1.8755497371489351
60643,4,3,0,48887,3.35,0.8006218422075397,1.8755497371489351
60643,5,5,0,48887,3.35,0.8006218422075397,1.8755497371489351
60643,6,2,0,48887,3.35,0.8006218422075397,1.8755497371489351
60643,7,0,0,48887,3.35,0.8006218422075397,1.8755497371489351
60643,8,2,0,48887,3.35,0.8006218422075397,1.8755497371489351
60643,9,4,0,48887,3.35,0.8006218422075397,1.8755497371489351
60643,10,0,0,48887,3.35,0.8006218422075397,1.8755497371489351
60643,11,0,0,48887,3.35,0.8006218422075397,1.8755497371489351
60643,12,1,0,48887,3.35,0.8006218422075397,1.8755497371489351
60643,13,0,0,48887,3.35,0.8006218422075397,1.8755497371489351
60643,14,2,0,48887,3.35,0.8006218422075397,1.8755497371489351
60643,15,0,0,48887,3.35,0.8006218422075397,1.8755497371489351
60643,16,0,1,48887,3.35,0.8006218422075397,1.8755497371489351
60643,17,0,1,48887,3.35,0.8006218422075397,1.8755497371489351
60643,18,1,1,48887,3.35,0.8006218422075397,1.8755497371489351
60643,19,1,1,48887,3.35,0.8006218422075397,1.8755497371489351
60643,20,2,1,48887,3.35,0.8006218422075397,1.8755497371489351
60643,21,3,1,48887,3.35,0.8006218422075397,1.8755497371489351
60643,22,1,1,48887,3.35,0.8006218422075397,1.8755497371489351
60643,23,4,1,48887,3.35,0.8006218422075397,1.8755497371489351
60643,24,0,1,48887,3.35,0.8006218422075397,1.8755497371489351
60643,25,1,1,48887,3.35,0.8006218422075397,1.8755497371489351
60643,26,0,1,48887,3.35,0.8006218422075397,1.8755497371489351
60644,0,1,0,46591,2.12,0.8244081474962976,1.3886802172093324
60644,1,0,0,46591,2.12,0.8244081474962976,1.3886802172093324
60644,2,1,0,46591,2.12,0.8244081474962976,1.3886802172093324
60644,3,3,0,46591,2.12,0.8244081474962976,1.3886802172093324
60644,4,5,0,46591,2.12,0.8244081474962976,1.3886802172093324
60644,5,2,0,46591,2.12,0.8244081474962976,1.3886802172093324
60644,6,3,0,46591,2.12,0.8244081474962976,1.3886802172093324
60644,7,2,0,46591,2.12,0.8244081474962976,1.3886802172093324
60644,8,0,0,46591,2.12,0.8244081474962976,1.3886802172093324
60644,9,1,0,46591,2.12,0.8244081474962976,1.3886802172093324
60644,10,1,0,46591,2.12,0.8244081474962976,1.3886802172093324
60644,11,1,0,46591,2.12,0.8244081474962976,1.3886802172093324
60644,12,1,0,46591,2.12,0.8244081474962976,1.3886802172093324
60644,13,1,0,46591,2.12,0.8244081474962976,1.3886802172093324
60644,14,0,0,46591,2.12,0.8244081474962976,1.3886802172093324
60644,15,1,0,46591,2.12,0.8244081474962976,1.3886802172093324
60644,16,0,1,46591,2.12,0.8244081474962976,1.3886802172093324
60644,17,1,1,46591,2.12,0.8244081474962976,1.3886802172093324
60644,18,1,1,46591,2.12,0.8244081474962976,1.3886802172093324
60644,19,2,1,46591,2.12,0.8244081474962976,1.3886802172093324
60644,20,3,1,46591,2.12,0.8244081474962976,1.3886802172093324
60644,21,0,1,46591,2.12,0.8244081474962976,1.3886802172093324
60644,22,0,1,46591,2.12,0.8244081474962976,1.3886802172093324
60644,23,0,1,46591,2.12,0.8244081474962976,1.3886802172093324
60644,24,1,1,46591,2.12,0.8244081474962976,1.3886802172093324
60644,25,2,1,46591,2.12,0.8244081474962976,1.3886802172093324
60644,26,0,1,46591,2.12,0.8244081474962976,1.3886802172093324
60645,0,2,0,47270,3.17,0.9295536280939285,1.3422889782102816
60645,1,2,0,47270,3.17,0.9295536280939285,1.3422889782102816
60645,2,2,0,47270,3.17,0.9295536280939285,1.3422889782102816
60645,3,1,0,47270,3.17,0.9295536280939285,1.3422889782102816
60645,4,2,0,47270,3.17,0.9295536280939285,1.3422889782102816
60645,5,3,0,47270,3.17,0.9295536280939285,1.3422889782102816
60645,6,3,0,47270,3.17,0.9295536280939285,1.3422889782102816
60645,7,1,0,47270,3.17,0.9295536280939285,1.3422889782102816
60645,8,3,0,47270,3.17,0.9295536280939285,1.3422889782102816
60645,9,2,0,47270,3.17,0.9295536280939285,1.3422889782102816
60645,10,0,0,47270,3.17,0.9295536280939285,1.3422889782102816
60645,11,0,0,47270,3.17,0.9295536280939285,1.3422889782102816
60645,12,0,0,47270,3.17,0.9295536280939285,1.3422889782102816
60645,13,1,0,47270,3.17,0.9295536280939285,1.3422889782102816
60645,14,1,0,47270,3.17,0.9295536280939285,1.3422889782102816
60645,15,1,0,47270,3.17,0.9295536280939285,1.3422889782102816
60645,16,1,1,47270,3.17,0.9295536280939285,1.3422889782102816
60645,17,0,1,47270,3.17,0.9295536280939285,1.3422889782102816
60645,18,4,1,47270,3.17,0.9295536280939285,1.3422889782102816
60645,19,2,1,47270,3.17,0.9295536280939285,1.3422889782102816
60645,20,1,1,47270,3.17,0.9295536280939285,1.3422889782102816
60645,21,0,1,47270,3.17,0.9295536280939285,1.3422889782102816
60645,22,1,1,47270,3.17,0.9295536280939285,1.3422889782102816
60645,23,0,1,47270,3.17,0.9295536280939285,1.3422889782102816
60645,24,0,1,47270,3.17,0.9295536280939285,1.3422889782102816
60645,25,1,1,47270,3.17,0.9295536280939285,1.3422889782102816
60645,26,0,1,47270,3.17,0.9295536280939285,1.3422889782102816
60646,0,1,0,28569,4.0200000000000005,0.8796247681052889,2.0700759564562987
60646,1,2,0,28569,4.0200000000000005,0.8796247681052889,2.0700759564562987
60646,2,0,0,28569,4.0200000000000005,0.8796247681052889,2.0700759564562987
60646,3,2,0,28569,4.0200000000000005,0.8796247681052889,2.0700759564562987
60646,4,1,0,28569,4.0200000000000005,0.8796247681052889,2.0700759564562987
60646,5,1,0,28569,4.0200000000000005,0.8796247681052889,2.0700759564562987
60646,6,1,0,28569,4.0200000000000005,0.8796247681052889,2.0700759564562987
60646,7,3,0,28569,4.0200000000000005,0.8796247681052889,2.0700759564562987
60646,8,2,0,28569,4.0200000000000005,0.8796247681052889,2.0700759564562987
60646,9,1,0,28569,4.0200000000000005,0.8796247681052889,2.0700759564562987
60646,10,1,0,28569,4.0200000000000005,0.8796247681052889,2.0700759564562987
60646,11,1,0,28569,4.0200000000000005,0.8796247681052889,2.0700759564562987
60646,12,0,0,28569,4.0200000000000005,0.8796247681052889,2.0700759564562987
60646,13,0,0,28569,4.0200000000000005,0.8796247681052889,2.0700759564562987
60646,14,0,0,28569,4.0200000000000005,0.8796247681052889,2.0700759564562987
60646,15,0,0,28569,4.0200000000000005,0.8796247681052889,2.0700759564562987
60646,16,0,1,28569,4.0200000000000005,0.8796247681052889,2.0700759564562987
60646,17,2,1,28569,4.0200000000000005,0.8796247681052889,2.0700759564562987
60646,18,1,1,28569,4.0200000000000005,0.8796247681052889,2.0700759564562987
60646,19,0,1,28569,4.0200000000000005,0.8796247681052889,2.0700759564562987
60646,20,0,1,28569,4.0200000000000005,0.8796247681052889,2.0700759564562987
60646,21,1,1,28569,4.0200000000000005,0.8796247681052889,2.0700759564562987
60646,22,0,1,28569,4.0200000000000005,0.8796247681052889,2.0700759564562987
60646,23,0,1,28569,4.0200000000000005,0.8796247681052889,2.0700759564562987
60646,24,1,1,28569,4.0200000000000005,0.8796247681052889,2.0700759564562987
60646,25,0,1,28569,4.0200000000000005,0.8796247681052889,2.0700759564562987
60646,26,0,1,28569,4.0200000000000005,0.8796247681052889,2.0700759564562987
60647,0,4,0,87633,3.7,0.9324113062430819,0.7206189449180103
60647,1,5,0,87633,3.7,0.9324113062430819,0.7206189449180103
60647,2,6,0,87633,3.7,0.9324113062430819,0.7206189449180103
60647,3,2,0,87633,3.7,0.9324113062430819,0.7206189449180103
60647,4,3,0,87633,3.7,0.9324113062430819,0.7206189449180103
60647,5,3,0,87633,3.7,0.9324113062430819,0.7206189449180103
60647,6,1,0,87633,3.7,0.9324113062430819,0.7206189449180103
60647,7,2,0,87633,3.7,0.9324113062430819,0.7206189449180103
60647,8,1,0,87633,3.7,0.9324113062430819,0.7206189449180103
60647,9,0,0,87633,3.7,0.9324113062430819,0.7206189449180103
60647,10,0,0,87633,3.7,0.9324113062430819,0.7206189449180103
60647,11,0,0,87633,3.7,0.9324113062430819,0.7206189449180103
60647,12,1,0,87633,3.7,0.9324113062430819,0.7206189449180103
60647,13,0,0,87633,3.7,0.9324113062430819,0.7206189449180103
60647,14,1,0,87633,3.7,0.9324113062430819,0.7206189449180103
60647,15,1,0,87633,3.7,0.9324113062430819,0.7206189449180103
60647,16,1,1,87633,3.7,0.9324113062430819,0.7206189449180103
60647,17,3,1,87633,3.7,0.9324113062430819,0.7206189449180103
60647,18,1,1,87633,3.7,0.9324113062430819,0.7206189449180103
60647,19,0,1,87633,3.7,0.9324113062430819,0.7206189449180103
60647,20,0,1,87633,3.7,0.9324113062430819,0.7206189449180103
60647,21,0,1,87633,3.7,0.9324113062430819,0.7206189449180103
60647,22,3,1,87633,3.7,0.9324113062430819,0.7206189449180103
60647,23,1,1,87633,3.7,0.9324113062430819,0.7206189449180103
60647,24,1,1,87633,3.7,0.9324113062430819,0.7206189449180103
60647,25,0,1,87633,3.7,0.9324113062430819,0.7206189449180103
60647,26,0,1,87633,3.7,0.9324113062430819,0.7206189449180103
60649,0,2,0,46633,2.11,0.6270237814423263,1.4416829283983446
60649,1,3,0,46633,2.11,0.6270237814423263,1.4416829283983446
60649,2,1,0,46633,2.11,0.6270237814423263,1.4416829283983446
60649,3,1,0,46633,2.11,0.6270237814423263,1.4416829283983446
60649,4,1,0,46633,2.11,0.6270237814423263,1.4416829283983446
60649,5,3,0,46633,2.11,0.6270237814423263,1.4416829283983446
60649,6,1,0,46633,2.11,0.6270237814423263,1.4416829283983446
60649,7,0,0,46633,2.11,0.6270237814423263,1.4416829283983446
60649,8,0,0,46633,2.11,0.6270237814423263,1.4416829283983446
60649,9,0,0,46633,2.11,0.6270237814423263,1.4416829283983446
60649,10,0,0,46633,2.11,0.6270237814423263,1.4416829283983446
60649,11,1,0,46633,2.11,0.6270237814423263,1.4416829283983446
60649,12,1,0,46633,2.11,0.6270237814423263,1.4416829283983446
60649,13,0,0,46633,2.11,0.6270237814423263,1.4416829283983446
60649,14,0,0,46633,2.11,0.6270237814423263,1.4416829283983446
60649,15,0,0,46633,2.11,0.6270237814423263,1.4416829283983446
60649,16,1,1,46633,2.11,0.6270237814423263,1.4416829283983446
60649,17,0,1,46633,2.11,0.6270237814423263,1.4416829283983446
60649,18,1,1,46633,2.11,0.6270237814423263,1.4416829283983446
60649,19,1,1,46633,2.11,0.6270237814423263,1.4416829283983446
60649,20,0,1,46633,2.11,0.6270237814423263,1.4416829283983446
60649,21,2,1,46633,2.11,0.6270237814423263,1.4416829283983446
60649,22,2,1,46633,2.11,0.6270237814423263,1.4416829283983446
60649,23,1,1,46633,2.11,0.6270237814423263,1.4416829283983446
60649,24,1,1,46633,2.11,0.6270237814423263,1.4416829283983446
60649,25,0,1,46633,2.11,0.6270237814423263,1.4416829283983446
60649,26,0,1,46633,2.11,0.6270237814423263,1.4416829283983446
60651,0,6,0,63492,2.42,1.1302211302211302,1.1812511812511812
60651,1,3,0,63492,2.42,1.1302211302211302,1.1812511812511812
60651,2,3,0,63492,2.42,1.1302211302211302,1.1812511812511812
60651,3,3,0,63492,2.42,1.1302211302211302,1.1812511812511812
60651,4,1,0,63492,2.42,1.1302211302211302,1.1812511812511812
60651,5,5,0,63492,2.42,1.1302211302211302,1.1812511812511812
60651,6,0,0,63492,2.42,1.1302211302211302,1.1812511812511812
60651,7,2,0,63492,2.42,1.1302211302211302,1.1812511812511812
60651,8,1,0,63492,2.42,1.1302211302211302,1.1812511812511812
60651,9,0,0,63492,2.42,1.1302211302211302,1.1812511812511812
60651,10,2,0,63492,2.42,1.1302211302211302,1.1812511812511812
60651,11,3,0,63492,2.42,1.1302211302211302,1.1812511812511812
60651,12,0,0,63492,2.42,1.1302211302211302,1.1812511812511812
60651,13,1,0,63492,2.42,1.1302211302211302,1.1812511812511812
60651,14,0,0,63492,2.42,1.1302211302211302,1.1812511812511812
60651,15,2,0,63492,2.42,1.1302211302211302,1.1812511812511812
60651,16,1,1,63492,2.42,1.1302211302211302,1.1812511812511812
60651,17,1,1,63492,2.42,1.1302211302211302,1.1812511812511812
60651,18,1,1,63492,2.42,1.1302211302211302,1.1812511812511812
60651,19,3,1,63492,2.42,1.1302211302211302,1.1812511812511812
60651,20,3,1,63492,2.42,1.1302211302211302,1.1812511812511812
60651,21,3,1,63492,2.42,1.1302211302211302,1.1812511812511812
60651,22,1,1,63492,2.42,1.1302211302211302,1.1812511812511812
60651,23,1,1,63492,2.42,1.1302211302211302,1.1812511812511812
60651,24,1,1,63492,2.42,1.1302211302211302,1.1812511812511812
60651,25,2,1,63492,2.42,1.1302211302211302,1.1812511812511812
60651,26,1,1,63492,2.42,1.1302211302211302,1.1812511812511812
60652,0,3,0,43447,3.0300000000000002,1.1241282482104633,1.1648675397610881
60652,1,3,0,43447,3.0300000000000002,1.1241282482104633,1.1648675397610881
60652,2,3,0,43447,3.0300000000000002,1.1241282482104633,1.1648675397610881
60652,3,1,0,43447,3.0300000000000002,1.1241282482104633,1.1648675397610881
60652,4,0,0,43447,3.0300000000000002,1.1241282482104633,1.1648675397610881
60652,5,1,0,43447,3.0300000000000002,1.1241282482104633,1.1648675397610881
60652,6,1,0,43447,3.0300000000000002,1.1241282482104633,1.1648675397610881
60652,7,1,0,43447,3.0300000000000002,1.1241282482104633,1.1648675397610881
60652,8,2,0,43447,3.0300000000000002,1.1241282482104633,1.1648675397610881
60652,9,1,0,43447,3.0300000000000002,1.1241282482104633,1.1648675397610881
60652,10,0,0,43447,3.0300000000000002,1.1241282482104633,1.1648675397610881
60652,11,1,0,43447,3.0300000000000002,1.1241282482104633,1.1648675397610881
60652,12,1,0,43447,3.0300000000000002,1.1241282482104633,1.1648675397610881
60652,13,1,0,43447,3.0300000000000002,1.1241282482104633,1.1648675397610881
60652,14,1,0,43447,3.0300000000000002,1.1241282482104633,1.1648675397610881
60652,15,1,0,43447,3.0300000000000002,1.1241282482104633,1.1648675397610881
60652,16,0,1,43447,3.0300000000000002,1.1241282482104633,1.1648675397610881
60652,17,1,1,43447,3.0300000000000002,1.1241282482104633,1.1648675397610881
60652,18,0,1,43447,3.0300000000000002,1.1241282482104633,1.1648675397610881
60652,19,0,1,43447,3.0300000000000002,1.1241282482104633,1.1648675397610881
60652,20,0,1,43447,3.0300000000000002,1.1241282482104633,1.1648675397610881
60652,21,0,1,43447,3.0300000000000002,1.1241282482104633,1.1648675397610881
60652,22,0,1,43447,3.0300000000000002,1.1241282482104633,1.1648675397610881
60652,23,0,1,43447,3.0300000000000002,1.1241282482104633,1.1648675397610881
60652,24,1,1,43447,3.0300000000000002,1.1241282482104633,1.1648675397610881
60652,25,1,1,43447,3.0300000000000002,1.1241282482104633,1.1648675397610881
60652,26,0,1,43447,3.0300000000000002,1.1241282482104633,1.1648675397610881
60653,0,0,0,33154,2.6700000000000004,0.704289075224709,1.2785787536948785
60653,1,2,0,33154,2.6700000000000004,0.704289075224709,1.2785787536948785
60653,2,1,0,33154,2.6700000000000004,0.704289075224709,1.2785787536948785
60653,3,1,0,33154,2.6700000000000004,0.704289075224709,1.2785787536948785
60653,4,1,0,33154,2.6700000000000004,0.704289075224709,1.2785787536948785
60653,5,0,0,33154,2.6700000000000004,0.704289075224709,1.2785787536948785
60653,6,1,0,33154,2.6700000000000004,0.704289075224709,1.2785787536948785
60653,7,0,0,33154,2.6700000000000004,0.704289075224709,1.2785787536948785
60653,8,1,0,33154,2.6700000000000004,0.704289075224709,1.2785787536948785
60653,9,1,0,33154,2.6700000000000004,0.704289075224709,1.2785787536948785
60653,10,0,0,33154,2.6700000000000004,0.704289075224709,1.2785787536948785
60653,11,0,0,33154,2.6700000000000004,0.704289075224709,1.2785787536948785
60653,12,0,0,33154,2.6700000000000004,0.704289075224709,1.2785787536948785
60653,13,0,0,33154,2.6700000000000004,0.704289075224709,1.2785787536948785
60653,14,1,0,33154,2.6700000000000004,0.704289075224709,1.2785787536948785
60653,15,0,0,33154,2.6700000000000004,0.704289075224709,1.2785787536948785
60653,16,2,1,33154,2.6700000000000004,0.704289075224709,1.2785787536948785
60653,17,1,1,33154,2.6700000000000004,0.704289075224709,1.2785787536948785
60653,18,0,1,33154,2.6700000000000004,0.704289075224709,1.2785787536948785
60653,19,1,1,33154,2.6700000000000004,0.704289075224709,1.2785787536948785
60653,20,3,1,33154,2.6700000000000004,0.704289075224709,1.2785787536948785
60653,21,1,1,33154,2.6700000000000004,0.704289075224709,1.2785787536948785
60653,22,0,1,33154,2.6700000000000004,0.704289075224709,1.2785787536948785
60653,23,0,1,33154,2.6700000000000004,0.704289075224709,1.2785787536948785
60653,24,0,1,33154,2.6700000000000004,0.704289075224709,1.2785787536948785
60653,25,1,1,33154,2.6700000000000004,0.704289075224709,1.2785787536948785
60653,26,0,1,33154,2.6700000000000004,0.704289075224709,1.2785787536948785
60654,0,1,0,20022,4.33,0.9809209869143942,0.6642693037658576
60654,1,1,0,20022,4.33,0.9809209869143942,0.6642693037658576
60654,2,0,0,20022,4.33,0.9809209869143942,0.6642693037658576
60654,3,0,0,20022,4.33,0.9809209869143942,0.6642693037658576
60654,4,0,0,20022,4.33,0.9809209869143942,0.6642693037658576
60654,5,0,0,20022,4.33,0.9809209869143942,0.6642693037658576
60654,6,0,0,20022,4.33,0.9809209869143942,0.6642693037658576
60654,7,0,0,20022,4.33,0.9809209869143942,0.6642693037658576
60654,8,0,0,20022,4.33,0.9809209869143942,0.6642693037658576
60654,9,0,0,20022,4.33,0.9809209869143942,0.6642693037658576
60654,10,0,0,20022,4.33,0.9809209869143942,0.6642693037658576
60654,11,0,0,20022,4.33,0.9809209869143942,0.6642693037658576
60654,12,0,0,20022,4.33,0.9809209869143942,0.6642693037658576
60654,13,0,0,20022,4.33,0.9809209869143942,0.6642693037658576
60654,14,0,0,20022,4.33,0.9809209869143942,0.6642693037658576
60654,15,0,0,20022,4.33,0.9809209869143942,0.6642693037658576
60654,16,0,1,20022,4.33,0.9809209869143942,0.6642693037658576
60654,17,0,1,20022,4.33,0.9809209869143942,0.6642693037658576
60654,18,0,1,20022,4.33,0.9809209869143942,0.6642693037658576
60654,19,0,1,20022,4.33,0.9809209869143942,0.6642693037658576
60654,20,0,1,20022,4.33,0.9809209869143942,0.6642693037658576
60654,21,0,1,20022,4.33,0.9809209869143942,0.6642693037658576
60654,22,0,1,20022,4.33,0.9809209869143942,0.6642693037658576
60654,23,0,1,20022,4.33,0.9809209869143942,0.6642693037658576
60654,24,0,1,20022,4.33,0.9809209869143942,0.6642693037658576
60654,25,0,1,20022,4.33,0.9809209869143942,0.6642693037658576
60654,26,0,1,20022,4.33,0.9809209869143942,0.6642693037658576
60655,0,1,0,28569,3.55,1.1463474395323603,1.276908537225664
60655,1,2,0,28569,3.55,1.1463474395323603,1.276908537225664
60655,2,0,0,28569,3.55,1.1463474395323603,1.276908537225664
60655,3,0,0,28569,3.55,1.1463474395323603,1.276908537225664
60655,4,0,0,28569,3.55,1.1463474395323603,1.276908537225664
60655,5,0,0,28569,3.55,1.1463474395323603,1.276908537225664
60655,6,1,0,28569,3.55,1.1463474395323603,1.276908537225664
60655,7,0,0,28569,3.55,1.1463474395323603,1.276908537225664
60655,8,1,0,28569,3.55,1.1463474395323603,1.276908537225664
60655,9,0,0,28569,3.55,1.1463474395323603,1.276908537225664
60655,10,0,0,28569,3.55,1.1463474395323603,1.276908537225664
60655,11,0,0,28569,3.55,1.1463474395323603,1.276908537225664
60655,12,2,0,28569,3.55,1.1463474395323603,1.276908537225664
60655,13,0,0,28569,3.55,1.1463474395323603,1.276908537225664
60655,14,0,0,28569,3.55,1.1463474395323603,1.276908537225664
60655,15,1,0,28569,3.55,1.1463474395323603,1.276908537225664
60655,16,0,1,28569,3.55,1.1463474395323603,1.276908537225664
60655,17,0,1,28569,3.55,1.1463474395323603,1.276908537225664
60655,18,0,1,28569,3.55,1.1463474395323603,1.276908537225664
60655,19,0,1,28569,3.55,1.1463474395323603,1.276908537225664
60655,20,0,1,28569,3.55,1.1463474395323603,1.276908537225664
60655,21,0,1,28569,3.55,1.1463474395323603,1.276908537225664
60655,22,0,1,28569,3.55,1.1463474395323603,1.276908537225664
60655,23,0,1,28569,3.55,1.1463474395323603,1.276908537225664
60655,24,0,1,28569,3.55,1.1463474395323603,1.276908537225664
60655,25,0,1,28569,3.55,1.1463474395323603,1.276908537225664
60655,26,0,1,28569,3.55,1.1463474395323603,1.276908537225664
60656,0,3,0,28218,2.9099999999999997,0.9993621092919414,1.760578354241973
60656,1,2,0,28218,2.9099999999999997,0.9993621092919414,1.760578354241973
60656,2,1,0,28218,2.9099999999999997,0.9993621092919414,1.760578354241973
60656,3,2,0,28218,2.9099999999999997,0.9993621092919414,1.760578354241973
60656,4,1,0,28218,2.9099999999999997,0.9993621092919414,1.760578354241973
60656,5,4,0,28218,2.9099999999999997,0.9993621092919414,1.760578354241973
60656,6,3,0,28218,2.9099999999999997,0.9993621092919414,1.760578354241973
60656,7,0,0,28218,2.9099999999999997,0.9993621092919414,1.760578354241973
60656,8,2,0,28218,2.9099999999999997,0.9993621092919414,1.760578354241973
60656,9,1,0,28218,2.9099999999999997,0.9993621092919414,1.760578354241973
60656,10,3,0,28218,2.9099999999999997,0.9993621092919414,1.760578354241973
60656,11,1,0,28218,2.9099999999999997,0.9993621092919414,1.760578354241973
60656,12,0,0,28218,2.9099999999999997,0.9993621092919414,1.760578354241973
60656,13,0,0,28218,2.9099999999999997,0.9993621092919414,1.760578354241973
60656,14,2,0,28218,2.9099999999999997,0.9993621092919414,1.760578354241973
60656,15,1,0,28218,2.9099999999999997,0.9993621092919414,1.760578354241973
60656,16,0,1,28218,2.9099999999999997,0.9993621092919414,1.760578354241973
60656,17,0,1,28218,2.9099999999999997,0.9993621092919414,1.760578354241973
60656,18,1,1,28218,2.9099999999999997,0.9993621092919414,1.760578354241973
60656,19,0,1,28218,2.9099999999999997,0.9993621092919414,1.760578354241973
60656,20,0,1,28218,2.9099999999999997,0.9993621092919414,1.760578354241973
60656,21,1,1,28218,2.9099999999999997,0.9993621092919414,1.760578354241973
60656,22,0,1,28218,2.9099999999999997,0.9993621092919414,1.760578354241973
60656,23,0,1,28218,2.9099999999999997,0.9993621092919414,1.760578354241973
60656,24,0,1,28218,2.9099999999999997,0.9993621092919414,1.760578354241973
60656,25,0,1,28218,2.9099999999999997,0.9993621092919414,1.760578354241973
60656,26,0,1,28218,2.9099999999999997,0.9993621092919414,1.760578354241973
60657,0,0,0,70958,4.29,0.7157755291862793,0.8035739451506525
60657,1,0,0,70958,4.29,0.7157755291862793,0.8035739451506525
60657,2,3,0,70958,4.29,0.7157755291862793,0.8035739451506525
60657,3,1,0,70958,4.29,0.7157755291862793,0.8035739451506525
60657,4,1,0,70958,4.29,0.7157755291862793,0.8035739451506525
60657,5,2,0,70958,4.29,0.7157755291862793,0.8035739451506525
60657,6,0,0,70958,4.29,0.7157755291862793,0.8035739451506525
60657,7,0,0,70958,4.29,0.7157755291862793,0.8035739451506525
60657,8,0,0,70958,4.29,0.7157755291862793,0.8035739451506525
60657,9,0,0,70958,4.29,0.7157755291862793,0.8035739451506525
60657,10,0,0,70958,4.29,0.7157755291862793,0.8035739451506525
60657,11,0,0,70958,4.29,0.7157755291862793,0.8035739451506525
60657,12,0,0,70958,4.29,0.7157755291862793,0.8035739451506525
60657,13,0,0,70958,4.29,0.7157755291862793,0.8035739451506525
60657,14,0,0,70958,4.29,0.7157755291862793,0.8035739451506525
60657,15,0,0,70958,4.29,0.7157755291862793,0.8035739451506525
60657,16,0,1,70958,4.29,0.7157755291862793,0.8035739451506525
60657,17,0,1,70958,4.29,0.7157755291862793,0.8035739451506525
60657,18,0,1,70958,4.29,0.7157755291862793,0.8035739451506525
60657,19,0,1,70958,4.29,0.7157755291862793,0.8035739451506525
60657,20,0,1,70958,4.29,0.7157755291862793,0.8035739451506525
60657,21,0,1,70958,4.29,0.7157755291862793,0.8035739451506525
60657,22,1,1,70958,4.29,0.7157755291862793,0.8035739451506525
60657,23,0,1,70958,4.29,0.7157755291862793,0.8035739451506525
60657,24,1,1,70958,4.29,0.7157755291862793,0.8035739451506525
60657,25,0,1,70958,4.29,0.7157755291862793,0.8035739451506525
60657,26,0,1,70958,4.29,0.7157755291862793,0.8035739451506525
60659,0,5,0,42735,2.7800000000000002,0.878904878904879,1.194103194103194
60659,1,0,0,42735,2.7800000000000002,0.878904878904879,1.194103194103194
60659,2,4,0,42735,2.7800000000000002,0.878904878904879,1.194103194103194
60659,3,1,0,42735,2.7800000000000002,0.878904878904879,1.194103194103194
60659,4,5,0,42735,2.7800000000000002,0.878904878904879,1.194103194103194
60659,5,1,0,42735,2.7800000000000002,0.878904878904879,1.194103194103194
60659,6,3,0,42735,2.7800000000000002,0.878904878904879,1.194103194103194
60659,7,2,0,42735,2.7800000000000002,0.878904878904879,1.194103194103194
60659,8,1,0,42735,2.7800000000000002,0.878904878904879,1.194103194103194
60659,9,0,0,42735,2.7800000000000002,0.878904878904879,1.194103194103194
60659,10,0,0,42735,2.7800000000000002,0.878904878904879,1.194103194103194
60659,11,0,0,42735,2.7800000000000002,0.878904878904879,1.194103194103194
60659,12,0,0,42735,2.7800000000000002,0.878904878904879,1.194103194103194
60659,13,2,0,42735,2.7800000000000002,0.878904878904879,1.194103194103194
60659,14,0,0,42735,2.7800000000000002,0.878904878904879,1.194103194103194
60659,15,0,0,42735,2.7800000000000002,0.878904878904879,1.194103194103194
60659,16,2,1,42735,2.7800000000000002,0.878904878904879,1.194103194103194
60659,17,0,1,42735,2.7800000000000002,0.878904878904879,1.194103194103194
60659,18,0,1,42735,2.7800000000000002,0.878904878904879,1.194103194103194
60659,19,0,1,42735,2.7800000000000002,0.878904878904879,1.194103194103194
60659,20,1,1,42735,2.7800000000000002,0.878904878904879,1.194103194103194
60659,21,2,1,42735,2.7800000000000002,0.878904878904879,1.194103194103194
60659,22,2,1,42735,2.7800000000000002,0.878904878904879,1.194103194103194
60659,23,0,1,42735,2.7800000000000002,0.878904878904879,1.194103194103194
60659,24,0,1,42735,2.7800000000000002,0.878904878904879,1.194103194103194
60659,25,1,1,42735,2.7800000000000002,0.878904878904879,1.194103194103194
60659,26,0,1,42735,2.7800000000000002,0.878904878904879,1.194103194103194
60660,0,1,0,44498,3.7,0.5838464650096633,1.335340914198391
60660,1,3,0,44498,3.7,0.5838464650096633,1.335340914198391
60660,2,3,0,44498,3.7,0.5838464650096633,1.335340914198391
60660,3,2,0,44498,3.7,0.5838464650096633,1.335340914198391
60660,4,0,0,44498,3.7,0.5838464650096633,1.335340914198391
60660,5,0,0,44498,3.7,0.5838464650096633,1.335340914198391
60660,6,1,0,44498,3.7,0.5838464650096633,1.335340914198391
60660,7,3,0,44498,3.7,0.5838464650096633,1.335340914198391
60660,8,0,0,44498,3.7,0.5838464650096633,1.335340914198391
60660,9,0,0,44498,3.7,0.5838464650096633,1.335340914198391
60660,10,1,0,44498,3.7,0.5838464650096633,1.335340914198391
60660,11,0,0,44498,3.7,0.5838464650096633,1.335340914198391
60660,12,2,0,44498,3.7,0.5838464650096633,1.335340914198391
60660,13,1,0,44498,3.7,0.5838464650096633,1.335340914198391
60660,14,0,0,44498,3.7,0.5838464650096633,1.335340914198391
60660,15,0,0,44498,3.7,0.5838464650096633,1.335340914198391
60660,16,1,1,44498,3.7,0.5838464650096633,1.335340914198391
60660,17,1,1,44498,3.7,0.5838464650096633,1.335340914198391
60660,18,0,1,44498,3.7,0.5838464650096633,1.335340914198391
60660,19,1,1,44498,3.7,0.5838464650096633,1.335340914198391
60660,20,0,1,44498,3.7,0.5838464650096633,1.335340914198391
60660,21,1,1,44498,3.7,0.5838464650096633,1.335340914198391
60660,22,0,1,44498,3.7,0.5838464650096633,1.335340914198391
60660,23,0,1,44498,3.7,0.5838464650096633,1.335340914198391
60660,24,0,1,44498,3.7,0.5838464650096633,1.335340914198391
60660,25,0,1,44498,3.7,0.5838464650096633,1.335340914198391
60660,26,0,1,44498,3.7,0.5838464650096633,1.335340914198391
60661,0,0,0,10354,4.26,0.7571952868456635,0.32064902453158195
60661,1,0,0,10354,4.26,0.7571952868456635,0.32064902453158195
60661,2,0,0,10354,4.26,0.7571952868456635,0.32064902453158195
60661,3,0,0,10354,4.26,0.7571952868456635,0.32064902453158195
60661,4,0,0,10354,4.26,0.7571952868456635,0.32064902453158195
60661,5,0,0,10354,4.26,0.7571952868456635,0.32064902453158195
60661,6,0,0,10354,4.26,0.7571952868456635,0.32064902453158195
60661,7,0,0,10354,4.26,0.7571952868456635,0.32064902453158195
60661,8,0,0,10354,4.26,0.7571952868456635,0.32064902453158195
60661,9,0,0,10354,4.26,0.7571952868456635,0.32064902453158195
60661,10,0,0,10354,4.26,0.7571952868456635,0.32064902453158195
60661,11,0,0,10354,4.26,0.7571952868456635,0.32064902453158195
60661,12,0,0,10354,4.26,0.7571952868456635,0.32064902453158195
60661,13,0,0,10354,4.26,0.7571952868456635,0.32064902453158195
60661,14,0,0,10354,4.26,0.7571952868456635,0.32064902453158195
60661,15,0,0,10354,4.26,0.7571952868456635,0.32064902453158195
60661,16,0,1,10354,4.26,0.7571952868456635,0.32064902453158195
60661,17,0,1,10354,4.26,0.7571952868456635,0.32064902453158195
60661,18,0,1,10354,4.26,0.7571952868456635,0.32064902453158195
60661,19,0,1,10354,4.26,0.7571952868456635,0.32064902453158195
60661,20,0,1,10354,4.26,0.7571952868456635,0.32064902453158195
60661,21,0,1,10354,4.26,0.7571952868456635,0.32064902453158195
60661,22,0,1,10354,4.26,0.7571952868456635,0.32064902453158195
60661,23,0,1,10354,4.26,0.7571952868456635,0.32064902453158195
60661,24,0,1,10354,4.26,0.7571952868456635,0.32064902453158195
60661,25,0,1,10354,4.26,0.7571952868456635,0.32064902453158195
60661,26,0,1,10354,4.26,0.7571952868456635,0.32064902453158195
